# Array shape: (12, 24, 37) as (month, hours, vertical levels)
#Jan slice
nan     2.91    7.92    11.08   11.47   9.01    7.95    6.93    6.93    6.82    7.31    7.19    7.64    7.92    7.91    7.84    9.48    10.38   11.26   12.19   13.04   13.40   14.97   16.80   18.07   17.78   17.56   17.32   18.25   15.75   11.02   7.32    5.56    1.69    0.10    0.07    nan    
nan     2.73    8.22    11.42   13.50   9.80    8.60    8.15    7.59    7.25    7.32    6.74    6.99    7.68    8.15    8.21    8.78    9.74    10.76   10.95   11.81   13.45   15.61   16.15   16.19   16.40   17.14   18.35   18.79   16.73   11.13   8.18    5.08    1.28    0.00    0.00    nan    
nan     2.43    6.53    11.48   13.02   11.33   10.32   8.73    7.76    7.19    6.92    6.85    7.44    7.74    8.13    8.52    8.50    9.47    10.55   11.44   12.87   13.90   14.53   15.86   16.17   15.63   16.77   17.35   18.24   14.32   11.51   7.63    4.52    1.25    0.02    0.02    nan    
nan     2.79    6.19    10.50   10.34   9.45    9.93    8.44    7.77    7.93    8.12    7.33    7.26    7.46    7.62    7.78    8.13    8.56    9.32    10.63   12.32   13.16   13.60   14.48   14.01   14.38   14.81   16.33   15.95   14.52   11.57   7.95    5.00    1.30    0.00    0.00    nan    
nan     2.97    6.34    9.87    9.89    9.92    9.51    7.48    6.91    7.37    8.04    7.91    7.92    7.93    7.45    7.91    9.59    10.35   10.77   10.66   10.97   13.05   14.15   14.41   14.06   14.48   14.75   16.07   16.57   14.07   11.90   8.51    5.09    1.58    0.10    0.00    nan    
nan     3.48    7.22    9.47    9.07    9.83    9.11    7.10    6.15    6.47    7.34    6.96    7.37    7.83    8.31    9.13    10.62   12.01   12.27   12.62   12.97   14.06   13.14   12.76   13.73   14.22   14.93   15.95   15.16   13.17   12.14   10.37   4.74    1.44    0.03    0.00    nan    
nan     3.84    8.09    9.76    9.24    9.53    9.39    7.40    5.70    6.00    7.64    7.70    8.16    9.71    11.08   12.25   12.43   12.48   12.53   12.45   12.97   12.44   11.51   12.59   13.41   14.40   15.58   15.66   15.46   13.90   12.01   9.59    4.35    0.83    0.00    0.00    nan    
nan     3.34    7.56    10.34   10.23   10.71   10.17   6.64    5.90    5.67    6.70    6.64    7.73    10.47   11.49   12.04   12.09   12.22   13.00   13.23   14.39   14.41   12.76   13.73   13.84   14.95   15.06   14.81   14.56   13.35   14.12   9.97    4.34    1.34    0.14    0.07    nan    
nan     3.47    8.65    10.59   11.83   11.61   9.72    7.59    7.84    8.22    9.32    9.31    9.74    10.59   11.38   11.79   13.03   14.08   14.35   15.33   16.23   16.87   15.19   14.47   14.20   15.23   15.51   15.41   14.08   13.22   14.04   10.51   5.13    1.84    0.00    0.00    nan    
nan     3.80    9.71    12.26   12.08   11.72   9.79    8.05    7.55    8.07    8.87    9.94    10.65   10.91   11.80   12.51   13.06   13.83   14.09   14.87   15.81   15.93   15.14   14.68   14.37   15.57   15.64   15.81   14.04   13.40   12.07   9.85    5.25    2.15    0.16    0.00    nan    
nan     3.55    9.49    11.82   11.92   10.97   9.57    7.30    6.95    7.77    8.29    9.17    9.57    10.28   10.99   11.64   12.38   12.61   12.63   13.37   14.22   14.29   15.21   15.94   15.80   16.66   15.74   15.25   14.83   14.92   12.39   8.83    4.60    2.07    0.30    0.00    nan    
nan     4.59    9.80    12.08   12.17   10.59   10.53   8.77    8.08    8.33    9.19    9.20    9.24    9.83    10.56   11.97   12.85   13.03   13.04   12.77   14.17   15.03   16.32   16.33   16.82   17.91   17.94   16.05   14.65   16.18   13.86   11.02   5.80    1.90    0.26    0.00    nan    
nan     5.50    10.40   11.93   11.86   11.05   10.32   9.86    8.37    8.32    8.59    8.56    8.60    9.61    10.74   11.73   12.18   12.67   12.99   13.13   13.46   15.57   16.48   16.67   16.70   18.08   18.26   16.74   16.24   16.92   13.85   11.35   6.96    1.74    0.26    0.00    nan    
nan     5.08    11.51   12.31   12.09   10.25   10.11   8.98    8.27    7.74    8.04    8.32    8.20    8.71    9.69    10.38   11.04   12.11   12.30   13.23   13.38   14.64   16.33   17.50   17.84   17.92   19.56   18.87   18.41   16.75   16.11   11.83   6.75    1.19    0.26    0.00    nan    
nan     5.62    11.68   11.72   12.78   11.82   10.25   9.16    9.06    8.87    8.43    8.63    8.98    9.36    10.30   10.86   11.37   11.80   12.07   12.87   13.66   15.27   16.67   16.86   17.02   18.55   19.31   20.42   19.41   17.95   17.90   9.95    4.88    0.50    0.12    0.00    nan    
nan     5.25    12.91   12.49   13.27   11.97   9.92    9.27    9.77    9.39    9.13    8.95    8.93    10.17   10.64   11.20   11.84   12.99   13.41   14.33   15.05   14.98   15.48   16.12   17.10   19.91   22.42   22.53   20.52   19.74   17.07   9.49    2.95    0.64    0.13    0.00    nan    
nan     4.72    14.38   13.94   13.53   13.50   9.35    9.31    9.35    9.28    8.82    8.50    8.96    9.63    10.03   10.86   12.19   13.40   13.75   14.34   14.50   13.98   14.10   15.77   17.58   18.80   21.85   22.57   21.42   20.03   14.94   8.22    3.14    0.71    0.26    0.02    nan    
nan     4.54    12.32   15.45   14.44   13.02   9.50    9.57    10.06   9.10    8.32    8.52    8.77    9.35    9.59    10.72   11.59   12.98   13.53   14.31   14.24   14.66   15.30   16.86   18.65   18.87   19.38   21.64   20.31   17.91   14.68   8.10    3.42    0.81    0.11    0.00    nan    
nan     3.23    10.05   14.72   14.46   11.56   9.44    8.36    9.17    8.09    6.91    7.43    8.11    8.99    9.61    10.29   11.44   12.48   12.76   12.77   12.44   13.65   15.17   16.78   19.05   19.24   17.78   19.85   18.67   16.34   12.14   9.04    4.20    1.46    0.04    0.00    nan    
nan     2.72    9.54    14.08   14.92   12.40   9.71    8.41    9.06    8.86    7.45    7.12    7.22    7.80    9.16    11.03   11.65   11.60   11.37   10.66   10.94   12.16   13.89   15.96   18.04   17.42   17.23   19.86   18.58   17.70   12.54   8.91    4.24    1.16    0.00    0.00    nan    
nan     2.91    9.26    13.48   14.14   11.59   9.59    7.71    8.43    7.95    7.83    7.79    8.15    7.84    8.56    9.90    10.22   10.85   10.94   10.88   11.45   13.13   15.62   17.73   18.86   19.76   18.91   22.30   21.97   19.28   13.76   9.10    3.93    1.29    0.03    0.00    nan    
0.42    2.69    8.53    12.14   13.60   11.58   9.33    8.19    7.64    7.57    7.55    8.01    8.11    8.64    8.55    9.14    9.77    10.62   10.47   10.90   11.66   13.26   14.51   16.78   18.62   19.75   19.05   21.04   20.24   17.79   12.99   8.91    3.04    1.52    0.01    0.02    nan    
nan     2.59    8.25    11.37   12.44   11.32   10.15   8.84    7.94    7.36    7.49    8.32    8.42    9.08    9.30    9.50    9.87    10.88   11.67   13.02   14.01   14.80   16.56   17.04   17.08   17.74   16.43   21.59   22.27   18.51   13.34   7.44    3.51    1.37    0.00    0.01    nan    
nan     2.31    7.97    10.68   11.89   10.01   9.63    8.70    7.96    8.58    8.99    9.53    9.51    9.33    9.59    9.90    10.33   10.99   12.43   13.80   14.00   15.11   16.93   17.94   19.25   19.67   18.27   19.74   19.38   17.13   13.49   8.09    5.35    1.88    0.07    0.01    nan    
#Feb slice
nan     2.29    6.85    12.24   15.79   16.49   14.02   10.54   9.63    8.22    8.33    7.48    9.18    11.35   12.69   14.36   15.21   15.84   16.78   16.14   14.94   14.73   16.91   18.17   19.56   21.12   21.81   21.93   18.99   17.14   12.36   6.06    3.00    0.15    0.00    0.00    nan    
nan     3.17    7.53    12.47   16.62   17.00   15.38   11.33   9.94    8.87    8.87    9.12    10.16   12.59   13.15   13.98   15.51   16.45   17.59   16.71   14.88   15.61   16.69   18.83   20.16   23.36   23.16   22.67   21.20   18.77   13.61   7.63    2.83    0.64    0.00    0.00    nan    
nan     3.38    7.89    11.82   16.94   15.64   14.25   11.74   8.90    8.80    8.05    8.75    9.73    10.58   11.38   12.36   13.29   13.76   14.79   14.92   16.04   17.71   18.62   19.10   19.52   20.63   22.17   22.53   21.60   19.91   13.65   8.06    3.14    0.77    0.00    0.00    nan    
nan     3.40    7.70    11.14   16.11   15.33   13.18   11.68   9.10    8.57    8.45    8.91    9.97    10.48   10.93   11.99   12.06   12.43   12.66   13.73   15.21   17.91   19.49   20.20   19.22   19.12   21.82   23.47   21.56   18.40   11.48   7.40    3.02    0.63    0.00    0.02    nan    
nan     3.32    8.11    11.91   16.79   15.76   14.04   10.43   9.07    8.99    9.07    9.48    10.51   11.48   12.21   13.01   13.40   13.56   14.12   14.28   15.96   18.57   19.80   19.98   20.02   21.39   23.23   23.23   19.97   15.92   10.14   6.50    2.62    0.69    0.00    0.00    nan    
nan     3.73    8.37    12.63   17.73   16.46   15.30   12.91   11.04   10.36   10.77   11.25   13.35   14.79   14.85   14.83   15.11   16.35   17.79   18.50   19.08   19.80   21.75   22.92   22.87   22.84   22.08   19.63   17.31   15.43   10.04   6.08    2.31    0.97    0.00    0.00    nan    
nan     4.89    7.78    13.00   17.77   18.22   16.82   13.66   12.58   12.48   12.49   13.36   15.08   15.43   16.23   17.84   19.93   22.18   22.23   21.03   20.59   21.01   20.89   22.67   22.58   21.77   21.64   19.63   19.08   17.24   11.98   5.89    1.55    0.42    0.00    0.00    nan    
nan     4.93    7.47    11.68   16.51   16.56   15.56   12.97   11.51   11.93   13.22   13.34   13.77   14.63   15.65   18.11   19.64   20.47   20.66   20.25   19.15   18.53   18.22   19.15   20.05   20.47   20.33   20.99   21.56   18.71   12.16   5.54    2.03    0.47    0.00    0.00    nan    
nan     4.90    8.31    11.74   15.95   15.42   14.66   13.46   11.94   11.78   13.11   12.82   13.14   15.45   16.94   17.44   19.78   21.11   21.71   20.22   19.41   16.92   17.33   18.92   19.66   20.11   20.07   19.97   19.91   16.91   10.45   5.29    1.83    0.24    0.00    0.00    nan    
nan     5.10    8.48    11.28   13.96   13.16   13.55   12.98   11.18   10.59   12.31   13.08   13.05   13.78   15.22   16.61   18.49   19.72   20.17   19.76   18.66   17.98   18.02   19.46   20.10   21.26   22.66   23.60   19.95   16.39   9.70    4.74    2.26    0.17    0.00    0.00    nan    
nan     4.66    8.69    12.40   14.47   13.88   13.00   12.97   10.53   9.81    11.98   12.07   12.50   14.84   14.50   14.95   15.41   16.81   16.34   16.04   17.14   17.12   18.80   19.69   20.79   21.37   23.44   22.53   18.76   14.87   9.02    4.81    1.82    0.05    0.00    0.00    nan    
nan     4.67    7.98    12.14   12.97   13.14   11.89   11.99   11.01   11.44   12.78   12.88   13.67   14.89   14.86   14.78   14.44   14.49   14.62   15.13   15.22   17.10   18.74   21.21   21.86   22.47   25.00   23.99   20.06   14.39   8.54    5.38    1.87    0.48    0.01    0.00    nan    
nan     4.64    8.25    13.24   14.16   13.79   12.77   12.87   12.59   12.44   12.03   12.56   13.30   13.59   14.42   14.30   13.81   14.09   15.06   17.33   17.74   19.64   21.43   22.92   23.62   25.00   25.58   21.48   18.35   12.74   7.88    4.95    1.84    0.32    0.00    0.00    nan    
nan     3.89    10.37   14.38   15.44   14.26   13.39   12.26   11.93   12.66   10.40   10.06   10.65   11.42   12.30   12.75   13.83   15.37   15.99   16.21   16.24   18.13   20.26   22.87   23.05   24.34   22.40   19.20   16.51   14.64   8.61    4.24    1.96    0.25    0.01    0.00    nan    
nan     4.65    11.68   16.86   15.40   14.03   13.45   13.07   12.18   11.33   9.06    8.91    10.14   10.82   12.16   12.59   13.03   14.10   15.36   15.83   16.44   17.29   19.59   21.63   20.88   22.25   23.02   21.24   18.24   14.82   7.30    3.90    1.23    0.40    0.01    0.01    nan    
nan     4.77    11.37   16.45   15.90   14.09   12.47   12.58   10.85   9.89    9.78    10.30   11.91   12.25   12.21   12.19   12.36   13.82   15.07   16.41   17.84   19.02   19.65   20.69   20.25   19.83   20.30   19.10   16.93   13.59   7.62    3.80    2.00    0.28    0.02    0.00    nan    
nan     4.42    12.04   16.97   17.51   14.36   13.63   12.89   9.87    9.68    10.27   10.35   10.91   11.33   10.93   11.41   10.41   12.48   14.94   16.31   16.50   16.68   17.27   19.71   21.08   19.87   17.78   17.51   15.52   12.74   7.72    3.41    1.14    0.25    0.01    0.02    nan    
nan     3.62    12.61   17.39   17.71   15.33   14.21   12.40   10.97   10.01   9.98    9.10    9.74    10.18   10.61   11.10   10.77   11.87   14.08   15.05   14.56   15.01   17.20   19.46   19.98   20.79   18.78   17.66   15.62   13.07   8.94    4.22    1.03    0.17    0.00    0.00    nan    
nan     3.45    12.95   16.41   18.29   18.22   15.54   13.66   12.76   11.00   9.83    9.13    9.25    9.50    10.15   10.81   10.88   11.94   13.43   14.32   14.99   17.20   19.76   20.67   20.54   20.62   18.59   17.75   16.96   14.28   8.46    5.02    0.75    0.01    0.00    0.01    nan    
nan     2.92    10.58   14.86   17.84   16.80   15.47   14.57   13.29   11.89   10.27   10.46   9.93    10.19   9.97    11.34   12.23   13.24   13.92   14.31   14.37   15.52   16.72   19.35   21.11   21.94   21.43   18.95   18.48   14.98   8.71    4.06    0.85    0.00    0.00    0.00    nan    
nan     2.33    7.90    12.46   16.73   16.73   15.76   14.49   13.54   11.68   10.37   11.07   9.90    10.15   10.18   11.09   12.44   13.64   14.18   14.53   14.64   16.46   16.64   17.67   20.00   22.06   21.56   19.91   16.99   14.86   9.20    5.01    0.92    0.01    0.00    0.00    nan    
nan     1.92    7.05    12.23   14.79   15.16   14.45   13.61   12.78   10.75   9.03    9.66    9.57    10.38   10.28   9.88    10.79   13.34   15.00   15.73   15.80   17.03   16.61   17.49   19.30   19.90   19.15   18.60   15.74   15.03   10.42   6.35    1.22    0.02    0.00    0.01    nan    
nan     2.34    6.36    11.96   13.95   14.52   12.94   13.59   10.54   9.85    8.72    8.45    9.24    10.27   10.88   11.25   12.20   14.06   15.30   15.85   15.60   15.81   15.64   16.12   18.20   20.10   19.76   18.37   15.79   13.16   10.31   5.36    1.14    0.31    0.00    0.02    nan    
nan     1.87    5.37    10.88   14.72   14.70   12.65   12.73   11.30   10.47   9.56    9.51    10.76   11.47   12.90   14.18   14.54   14.91   15.34   16.34   16.67   16.63   15.78   16.82   16.81   18.85   18.49   17.14   15.69   14.08   11.65   5.44    1.90    0.39    0.01    0.00    nan    
#Mar slice
nan     1.43    4.49    6.66    9.35    11.98   12.67   11.65   11.35   9.83    10.02   11.39   10.75   11.28   12.05   11.59   12.29   12.83   13.21   14.23   13.89   13.77   15.48   16.95   17.72   20.11   20.78   20.88   19.53   16.48   12.06   8.29    3.86    0.60    0.05    0.01    nan    
nan     1.63    4.94    7.63    10.29   12.21   13.47   12.11   11.16   10.57   10.41   10.69   10.95   11.44   11.62   11.55   12.89   13.50   13.96   13.97   14.43   14.73   15.09   15.97   17.62   20.49   21.88   22.11   21.46   18.28   14.12   9.99    4.58    0.83    0.14    0.00    nan    
nan     1.83    5.16    8.10    11.30   13.62   13.51   13.17   11.84   11.30   11.07   11.22   11.02   11.50   11.22   10.72   11.70   11.84   12.30   12.64   13.78   14.10   15.15   15.54   16.03   19.34   20.71   21.66   21.95   18.81   14.10   9.81    5.40    0.74    0.00    0.00    nan    
nan     1.80    5.26    8.64    11.60   13.94   13.06   12.25   11.05   10.65   10.41   10.58   10.51   11.28   11.20   11.05   11.49   11.11   11.60   11.87   12.68   13.95   14.91   15.45   15.78   16.41   19.24   20.40   20.41   16.05   13.20   9.25    5.08    0.98    0.00    0.00    nan    
nan     1.62    6.71    9.69    12.27   13.03   11.72   10.51   9.95    10.04   10.07   10.11   10.57   10.81   11.11   11.64   11.79   11.55   11.92   12.46   12.72   12.94   13.92   14.53   14.52   15.58   18.29   18.66   17.98   14.75   11.61   8.53    4.05    0.91    0.00    0.00    nan    
nan     1.04    6.42    8.87    11.15   12.07   11.11   10.33   9.58    9.25    9.57    9.44    9.61    10.26   10.34   10.60   11.46   12.38   12.73   13.28   13.28   13.75   14.94   14.42   14.64   15.89   18.55   19.59   17.76   14.14   11.15   9.27    3.69    0.63    0.00    0.00    nan    
nan     1.25    6.19    8.47    10.77   12.27   11.28   10.08   9.35    9.53    9.66    10.03   9.81    10.53   11.64   12.23   12.56   13.02   13.55   13.70   13.32   12.69   12.89   13.68   14.81   16.25   18.07   18.15   15.74   13.47   11.31   7.94    3.44    0.99    0.01    0.02    nan    
nan     1.74    5.11    8.31    11.00   12.03   11.38   10.08   9.87    9.53    9.41    9.33    9.24    10.10   11.20   12.04   12.63   12.34   12.56   11.89   11.99   11.59   12.07   13.45   14.59   17.04   17.78   16.35   14.57   12.67   9.28    5.71    2.00    0.34    0.21    0.00    nan    
nan     1.75    5.47    9.10    12.42   13.54   12.75   11.16   10.06   9.75    9.78    10.48   10.06   11.28   12.01   12.62   12.97   12.78   12.23   12.69   13.14   13.64   13.63   14.50   15.58   16.65   16.14   15.60   14.51   12.44   10.13   6.19    2.21    0.35    0.00    0.00    nan    
nan     1.82    5.29    10.62   13.53   13.55   12.45   10.82   10.31   9.98    10.08   10.11   10.82   11.63   12.41   12.68   13.49   14.12   13.54   13.24   13.63   14.38   14.69   15.71   16.32   16.45   15.29   13.80   12.64   12.48   11.52   6.51    2.08    0.27    0.00    0.00    nan    
nan     2.43    6.39    11.09   14.82   14.29   13.41   12.25   11.11   10.54   10.01   9.69    10.60   11.14   11.68   12.29   12.94   12.79   13.74   13.74   14.19   13.76   14.35   15.54   14.78   14.25   14.06   13.45   13.64   13.61   10.74   5.96    2.54    0.69    0.02    0.00    nan    
nan     2.71    6.68    10.84   14.59   14.48   13.13   11.90   10.73   10.11   10.31   10.33   11.20   12.60   12.84   13.10   13.50   14.51   14.79   14.07   13.84   14.17   14.46   15.07   15.58   15.17   15.22   13.45   13.59   13.67   11.62   6.62    2.95    0.58    0.00    0.00    nan    
nan     2.69    7.24    11.57   15.35   15.89   14.42   12.61   12.31   11.54   11.85   11.80   12.46   13.13   14.10   14.82   16.16   15.80   15.58   14.06   13.52   13.44   14.20   15.40   16.55   16.77   15.37   15.44   16.26   16.16   12.87   8.11    2.72    1.00    0.00    0.01    nan    
nan     3.17    8.16    12.34   15.64   15.00   15.36   13.79   13.42   12.91   12.46   12.17   12.77   12.17   13.04   14.67   15.82   16.51   16.37   15.69   14.97   15.32   16.45   17.17   17.51   16.95   15.76   16.97   16.91   16.04   12.83   8.43    3.30    1.11    0.00    0.00    nan    
nan     2.76    9.08    13.64   17.76   16.77   16.82   15.03   13.65   12.20   11.05   10.98   11.78   12.49   13.24   14.26   15.15   16.10   16.25   15.55   15.13   15.37   15.32   15.68   16.64   17.70   17.52   16.63   17.36   16.72   12.43   7.57    4.00    0.91    0.01    0.01    nan    
nan     3.28    8.92    14.97   18.26   17.61   17.64   15.71   13.59   12.70   11.49   10.75   11.38   11.64   12.65   13.64   14.65   16.17   16.85   16.94   15.99   16.15   16.41   16.91   18.05   18.66   17.74   17.94   17.59   16.82   12.38   6.33    2.99    0.34    0.00    0.02    nan    
nan     2.48    8.57    15.83   19.18   18.63   18.31   16.07   14.59   13.23   12.54   11.47   11.47   11.62   11.68   12.67   13.68   15.07   16.05   15.95   15.70   15.76   15.75   16.06   16.93   17.97   17.78   17.36   17.14   15.60   12.59   6.14    3.03    0.58    0.01    0.01    nan    
nan     2.08    7.36    14.46   19.14   19.22   18.92   17.25   15.40   13.73   13.62   13.06   12.18   12.32   12.11   12.48   12.95   14.13   15.58   16.38   16.77   17.00   17.60   18.00   19.25   19.28   19.39   18.91   18.21   17.24   12.55   7.08    3.21    0.61    0.01    0.01    nan    
nan     1.39    6.45    11.53   17.31   18.25   19.24   17.15   15.56   13.05   12.81   11.48   10.98   11.32   11.55   12.43   13.85   14.83   15.50   16.11   15.61   15.34   15.90   16.20   17.18   18.48   18.96   18.86   17.68   17.09   12.58   6.84    1.91    0.31    0.01    0.01    nan    
nan     1.41    4.66    9.34    14.91   17.66   18.85   17.67   15.45   12.36   11.09   9.65    9.96    10.91   11.52   11.95   12.73   13.74   13.82   14.34   14.87   15.07   15.19   15.43   17.23   18.54   19.82   19.84   17.53   15.48   11.32   7.19    2.51    0.71    0.11    0.00    nan    
nan     1.02    4.36    8.47    13.97   16.70   17.48   16.49   14.95   12.38   10.99   9.70    9.71    10.88   10.94   12.00   13.06   13.92   15.02   15.75   17.27   17.68   17.95   18.82   19.89   20.27   19.53   18.51   17.42   14.77   10.80   6.21    2.08    0.51    0.06    0.00    nan    
nan     1.00    3.80    7.26    12.47   15.20   16.67   16.55   15.67   12.87   11.86   10.63   10.51   11.08   11.44   12.68   13.09   14.17   15.37   15.81   15.47   15.69   16.03   17.36   19.13   21.01   20.16   18.24   16.97   15.52   12.21   6.35    2.53    0.51    0.03    0.00    nan    
nan     1.42    3.91    7.29    10.89   13.38   14.80   15.31   14.51   12.07   11.91   11.70   11.58   11.63   12.21   12.87   13.40   13.81   14.87   14.77   14.87   15.82   15.82   17.40   19.76   20.71   20.73   19.79   17.73   15.84   11.74   7.77    2.28    0.30    0.00    0.00    nan    
nan     1.16    3.67    6.41    8.98    11.04   12.86   12.72   11.96   10.02   9.79    10.17   10.78   11.37   12.65   12.89   13.33   14.14   14.66   14.97   16.04   16.35   16.32   17.27   17.70   18.98   20.37   20.83   18.86   15.08   11.49   7.53    2.75    0.38    0.00    0.00    nan    
#Apr slice
nan     0.66    3.75    6.03    8.91    10.69   12.33   12.77   13.06   11.34   9.83    9.19    8.22    8.49    9.13    9.92    10.64   10.84   11.78   11.51   11.86   13.15   13.50   13.58   15.23   15.54   15.59   16.78   17.19   16.98   14.68   12.01   6.85    2.66    0.42    0.14    nan    
nan     1.09    4.87    7.86    10.80   13.29   14.18   13.82   13.63   12.79   12.62   12.70   12.30   11.82   12.28   13.12   13.37   14.12   14.75   14.69   14.37   14.29   14.33   14.89   15.71   16.31   16.48   16.82   18.59   18.80   17.19   13.80   7.47    2.28    0.65    0.15    nan    
nan     1.19    4.87    7.64    11.10   13.14   13.23   13.41   13.87   13.31   11.63   11.11   11.59   11.30   11.53   11.92   12.37   14.18   15.28   15.44   15.20   15.89   16.09   16.62   17.48   17.79   18.66   19.68   20.16   19.91   18.98   14.75   7.79    2.21    0.51    0.07    nan    
nan     1.17    5.14    8.00    11.39   13.52   13.22   13.74   14.44   13.31   12.31   11.72   11.52   10.72   11.79   12.91   13.58   14.69   15.13   15.49   16.02   15.29   15.37   16.08   17.57   18.48   18.66   19.54   20.16   19.14   19.04   15.25   9.83    2.64    0.31    0.04    nan    
nan     1.37    4.99    8.56    12.35   13.75   13.39   13.60   14.04   12.80   10.59   10.21   10.56   10.67   11.28   11.73   12.68   13.63   14.67   15.13   15.46   16.00   16.44   17.04   17.95   18.39   17.80   18.11   18.25   18.24   18.50   14.70   9.15    1.38    0.66    0.03    nan    
nan     1.14    4.23    7.66    12.08   13.75   13.46   14.13   14.25   12.12   10.82   10.61   11.04   10.88   11.79   12.44   12.72   13.88   14.38   14.43   14.74   14.86   15.46   16.43   16.95   16.13   15.30   15.23   16.07   18.03   17.07   15.08   8.15    1.50    0.71    0.00    nan    
nan     1.29    4.28    8.02    12.83   14.59   13.93   13.19   13.12   11.79   10.02   9.73    9.98    9.41    9.79    10.66   11.91   13.03   12.93   13.75   14.14   14.32   14.80   15.39   16.59   15.45   15.27   15.23   16.41   18.45   17.65   14.89   7.90    1.03    0.76    0.00    nan    
nan     1.05    4.77    9.09    13.71   14.22   13.19   12.90   11.81   10.83   10.29   9.68    9.20    9.06    8.84    9.40    10.73   11.47   11.65   12.59   12.69   13.32   14.17   15.76   15.82   15.47   14.70   15.54   16.22   17.99   17.74   13.56   7.64    1.29    0.59    0.05    nan    
nan     1.20    5.10    9.40    13.78   15.33   14.48   14.28   12.18   11.83   11.83   10.55   10.53   9.65    10.39   11.12   12.24   12.73   12.36   12.39   13.13   13.22   13.86   14.02   14.77   14.87   14.25   15.39   17.45   17.36   15.53   12.50   6.97    0.80    0.12    0.00    nan    
nan     1.66    5.63    9.42    13.58   14.95   14.61   14.36   13.42   12.36   10.81   9.67    9.55    9.70    9.65    10.52   11.92   12.84   12.75   13.23   13.68   13.30   12.30   13.70   14.53   14.67   14.97   16.35   16.97   17.66   15.96   12.66   5.96    1.44    0.14    0.00    nan    
nan     1.98    5.65    9.85    14.04   14.42   13.19   12.15   10.78   10.63   10.01   9.01    7.98    9.05    8.87    9.61    10.36   11.30   11.01   11.70   12.51   12.83   13.00   13.52   13.51   13.96   14.60   16.14   16.82   15.77   14.20   10.43   4.84    1.21    0.15    0.00    nan    
nan     2.00    5.96    10.63   13.88   14.35   13.82   11.28   10.02   10.25   9.03    8.03    8.47    9.71    10.87   12.10   12.55   13.58   13.58   13.95   14.35   13.49   13.64   14.19   14.61   14.71   15.37   16.96   17.70   16.83   14.75   11.07   5.67    1.18    0.32    0.00    nan    
nan     2.06    5.95    11.86   15.64   15.17   13.92   12.04   10.78   10.68   10.03   9.29    10.29   11.49   12.76   13.58   13.68   14.24   14.75   15.38   15.95   15.30   14.09   13.54   13.44   14.28   14.79   15.36   14.94   14.05   12.15   9.66    5.89    1.41    0.03    0.01    nan    
nan     2.72    7.24    14.11   17.50   17.13   15.11   13.16   11.36   10.58   9.82    9.29    10.50   11.55   12.45   13.13   13.60   13.15   13.34   14.02   14.70   14.25   13.18   12.35   11.43   12.79   13.71   13.67   12.42   12.55   11.27   9.01    5.14    1.32    0.02    0.00    nan    
nan     2.29    7.13    13.39   18.12   18.61   16.19   13.36   12.19   10.74   11.06   10.07   10.40   11.26   11.90   12.07   12.52   12.76   12.47   13.77   13.69   12.99   12.26   11.89   11.46   12.55   13.92   13.67   13.95   13.12   11.48   10.17   4.44    0.67    0.01    0.01    nan    
nan     1.44    5.67    12.39   17.34   19.23   18.46   15.09   13.61   11.91   11.33   10.88   11.34   11.48   11.59   11.83   12.34   13.14   13.96   14.44   14.30   13.56   13.13   12.04   12.12   12.89   14.07   14.35   14.79   14.20   12.91   9.94    4.56    0.44    0.02    0.00    nan    
nan     1.49    5.59    11.97   16.86   21.13   19.39   17.62   15.85   13.62   12.46   11.29   11.15   10.92   11.45   11.98   12.64   13.33   13.36   13.82   14.03   13.53   13.33   13.53   13.34   12.95   13.25   13.79   14.33   13.26   12.59   9.65    4.39    1.02    0.07    0.00    nan    
nan     0.80    4.39    10.07   14.79   20.14   21.79   19.24   17.23   14.12   13.00   11.67   11.19   10.84   10.88   11.39   12.01   13.80   13.92   14.47   15.56   14.33   13.36   13.33   13.73   14.19   13.65   14.30   14.44   13.54   12.76   10.23   5.99    1.00    0.14    0.00    nan    
0.13    1.04    3.18    8.34    13.15   17.74   21.79   21.24   17.80   15.84   13.81   12.74   11.77   10.99   11.00   11.38   12.42   13.65   13.05   12.72   12.73   12.52   11.91   12.63   13.78   14.23   14.36   14.57   14.17   14.20   13.98   11.21   5.21    1.08    0.05    0.02    nan    
nan     0.92    3.13    7.00    12.40   16.45   20.03   20.40   18.54   16.82   15.45   14.13   13.65   12.19   12.00   11.84   12.50   11.79   11.16   10.68   10.63   10.94   11.63   12.63   13.45   14.48   14.92   14.41   13.81   14.05   13.51   11.60   5.13    1.14    0.08    0.02    nan    
nan     0.54    3.65    7.11    11.78   15.44   18.60   19.54   17.91   15.96   13.62   12.13   11.58   11.56   11.09   11.09   10.69   10.82   10.35   11.08   11.39   11.85   11.92   11.95   12.57   14.25   15.88   16.91   16.78   16.58   14.29   10.75   5.09    1.28    0.02    0.01    nan    
nan     0.67    3.12    6.81    10.23   13.47   16.26   17.10   16.26   15.13   14.92   12.42   10.71   10.08   10.23   10.18   10.27   10.80   10.94   11.94   12.14   12.20   11.61   11.77   12.92   13.84   15.34   15.77   15.54   15.68   15.41   11.07   5.30    1.56    0.01    0.02    nan    
nan     0.31    3.09    5.66    9.08    11.45   14.17   15.28   14.05   13.74   12.69   11.48   9.73    9.36    8.99    8.71    9.03    10.27   10.89   11.43   12.07   12.96   13.04   12.64   12.95   13.66   14.89   15.62   14.63   15.48   13.82   10.31   5.41    1.50    0.35    0.02    nan    
nan     nan     3.08    5.32    8.50    10.90   13.11   13.61   13.41   12.12   10.72   9.80    8.56    7.84    7.88    8.40    9.31    9.70    9.71    9.93    10.21   11.32   11.74   12.88   13.32   14.44   15.53   15.30   15.10   15.68   13.76   10.88   6.18    2.23    0.31    0.07    nan    
#May slice
nan     0.23    1.36    3.34    6.77    9.31    10.40   10.39   11.86   10.16   8.03    5.84    5.08    5.06    5.51    5.48    5.84    6.61    7.53    8.81    9.00    9.96    9.51    9.54    10.31   11.34   12.37   13.43   13.79   14.52   15.76   15.91   12.71   5.24    1.43    0.65    nan    
nan     0.48    1.95    4.10    6.65    8.65    10.24   10.45   10.57   9.12    7.70    6.65    6.00    5.81    6.20    6.73    6.97    6.76    7.89    8.38    9.21    9.83    9.89    10.06   10.30   11.24   12.72   13.89   16.10   17.45   19.78   20.28   15.87   6.17    1.81    0.37    nan    
nan     0.86    2.84    4.82    6.89    9.58    10.97   10.57   8.99    7.96    7.71    6.65    5.64    5.30    6.12    6.24    6.67    7.02    8.40    9.31    9.63    10.42   10.34   10.41   11.81   12.65   15.31   17.55   19.94   21.33   22.73   22.44   19.21   9.09    1.99    0.57    nan    
nan     0.71    3.42    5.53    7.44    10.05   11.66   12.30   10.74   9.68    8.53    7.72    7.05    7.05    8.22    8.65    8.67    9.39    10.43   11.15   11.53   11.46   11.90   12.98   14.54   16.28   17.69   18.73   21.03   23.28   24.47   24.08   22.53   11.94   3.94    0.66    nan    
nan     0.55    3.63    5.56    7.43    9.25    10.57   11.33   11.15   10.79   9.76    8.80    7.93    7.52    8.26    8.46    8.77    9.33    9.25    10.42   10.53   10.46   11.31   11.96   14.19   15.39   16.24   18.55   20.43   23.29   24.24   23.39   19.70   10.89   2.93    0.99    nan    
nan     0.61    4.31    6.33    9.03    10.02   11.02   11.84   11.68   10.90   10.02   9.15    8.85    8.71    7.98    8.06    8.82    10.02   10.51   10.74   11.50   11.67   11.81   11.65   13.23   14.60   15.65   17.97   20.86   22.47   23.49   22.33   19.18   10.92   3.65    0.99    nan    
nan     0.97    5.19    8.01    10.52   12.20   12.32   12.24   12.17   11.01   10.05   9.76    9.66    9.65    8.96    9.46    10.33   10.45   10.14   10.51   11.10   11.03   11.11   11.28   12.78   14.27   15.32   17.11   20.27   20.06   21.84   23.32   18.69   11.89   2.90    0.24    nan    
nan     2.07    6.50    10.33   12.65   13.84   13.75   13.02   12.23   10.86   10.21   9.69    9.47    10.17   9.49    10.31   11.08   11.94   12.14   12.18   12.64   14.43   14.34   13.72   14.51   15.69   16.84   17.76   19.70   21.84   23.63   20.99   17.99   9.77    2.92    0.05    nan    
nan     1.94    6.14    10.33   11.93   13.13   12.57   12.73   12.73   10.05   9.78    9.54    9.71    9.82    9.64    9.72    10.91   11.83   12.28   12.77   13.16   13.66   14.52   14.73   14.62   16.27   18.39   19.35   21.31   24.14   22.45   19.39   14.90   8.15    1.01    0.00    nan    
nan     2.27    8.12    11.58   12.89   13.51   12.87   12.92   11.82   10.61   9.99    9.36    9.50    9.04    9.89    10.78   12.33   12.37   12.44   13.60   15.09   15.33   16.29   16.38   16.29   16.78   17.86   19.76   22.58   22.80   19.40   17.15   13.57   5.43    0.92    0.01    nan    
nan     2.23    7.80    10.60   11.94   12.43   11.90   12.29   11.30   10.01   8.56    7.69    8.27    8.64    9.17    9.74    11.51   11.91   13.44   15.26   15.83   16.08   15.60   15.33   16.77   15.21   16.11   17.61   21.09   20.44   18.04   15.08   11.86   4.00    0.77    0.00    nan    
nan     1.93    7.35    10.72   12.27   12.05   11.97   11.60   11.55   11.26   9.45    9.04    9.73    9.79    10.47   11.03   11.87   13.89   14.58   15.81   16.62   17.69   16.08   16.35   17.17   17.64   18.73   20.57   22.78   21.11   18.49   15.43   10.53   4.24    1.00    0.01    nan    
nan     1.89    7.42    12.30   14.23   13.57   13.09   12.26   11.60   10.59   10.40   10.00   9.98    10.15   10.16   9.98    10.62   12.55   14.04   14.92   14.81   14.13   13.17   14.01   14.75   15.59   17.40   18.47   19.01   19.14   16.28   13.69   9.77    4.96    0.65    0.01    nan    
nan     2.62    8.20    14.39   16.78   16.84   14.78   14.00   13.26   11.54   10.72   9.98    9.72    10.11   10.35   9.93    10.21   11.55   12.54   13.56   14.35   15.08   13.64   13.62   13.92   14.84   15.57   15.73   16.98   16.43   15.51   13.43   6.58    3.42    0.73    0.02    nan    
nan     1.53    7.23    13.74   17.40   18.99   18.05   16.04   14.92   12.39   11.36   9.54    9.13    9.30    9.93    10.43   11.75   13.07   13.64   13.88   14.68   13.84   12.76   12.91   12.73   12.83   13.33   14.09   14.57   14.66   14.50   13.70   8.03    2.70    0.36    0.04    nan    
nan     0.95    5.68    11.13   17.95   19.89   19.49   17.87   16.69   14.19   11.27   8.72    8.52    8.62    9.52    9.51    9.96    11.01   12.01   12.34   12.68   12.21   11.02   10.59   9.92    10.19   11.50   13.31   13.29   14.53   14.43   12.20   6.96    2.07    0.18    0.00    nan    
nan     0.31    4.07    8.38    15.05   21.48   22.25   20.95   18.50   14.84   11.44   9.23    8.46    7.86    8.02    8.42    8.50    8.79    10.26   10.72   11.30   11.24   9.63    9.31    9.58    9.83    10.72   12.13   12.82   14.43   13.65   12.08   7.46    1.83    0.29    0.00    nan    
nan     0.30    2.96    6.27    11.25   17.03   20.82   21.13   18.92   15.53   11.29   9.12    7.70    6.79    6.94    7.49    7.90    8.09    8.88    9.99    10.60   10.17   9.54    8.97    8.64    9.01    10.39   11.08   11.60   12.51   13.93   11.96   5.77    0.92    0.17    0.00    nan    
nan     0.12    2.34    5.93    10.01   14.71   20.11   22.24   21.60   17.77   14.49   11.44   8.83    7.95    7.99    7.55    7.61    8.26    9.14    10.09   10.47   10.19   9.91    9.96    9.53    9.44    10.65   11.57   12.24   11.68   10.91   9.98    5.41    1.09    0.16    0.00    nan    
nan     0.24    2.00    4.98    8.90    12.55   17.80   21.36   21.52   19.25   15.66   13.28   10.35   8.52    8.08    7.86    7.96    8.50    9.86    9.74    10.11   9.11    8.91    8.79    9.49    9.66    10.16   11.02   10.92   11.82   10.53   9.05    5.32    2.05    0.55    0.14    nan    
nan     0.24    1.40    4.89    8.19    10.73   15.37   18.93   19.62   19.08   16.34   12.75   9.01    7.33    7.17    7.70    8.60    9.38    9.73    9.84    9.98    10.08   9.24    9.32    9.37    9.15    9.35    10.26   11.17   11.71   10.04   8.26    4.93    1.78    0.58    0.12    nan    
nan     0.33    1.41    4.47    7.27    9.97    13.87   16.16   17.87   17.68   15.32   12.12   7.88    6.72    6.47    7.48    8.08    7.96    8.02    8.24    9.18    9.46    9.30    9.07    8.62    9.24    9.73    10.07   10.90   11.77   11.00   9.32    5.45    1.76    0.84    0.15    nan    
nan     0.36    1.37    4.01    6.57    9.72    11.39   13.33   15.78   15.19   13.23   11.17   7.67    6.30    6.04    6.56    7.06    8.24    9.15    9.55    10.06   10.24   9.99    9.98    9.98    9.69    10.17   10.83   11.50   12.87   12.10   11.53   6.74    2.01    0.57    0.19    nan    
nan     0.27    1.48    3.16    5.86    8.78    10.24   10.93   13.02   11.78   10.17   7.42    6.11    5.30    5.94    5.76    6.28    6.80    7.85    9.14    9.92    9.64    9.61    10.47   10.37   10.03   10.17   11.28   12.21   12.81   12.96   12.99   9.68    3.14    1.09    0.05    nan    
#Jun slice
nan     0.73    2.24    3.29    4.39    5.62    6.97    8.49    9.85    8.41    6.99    5.81    4.68    5.02    5.22    5.76    6.47    6.85    7.27    8.12    8.93    10.39   10.02   9.38    9.48    10.82   11.14   12.56   14.87   16.10   17.91   16.49   13.58   7.83    3.21    1.46    nan    
nan     0.72    3.11    4.30    5.40    5.55    5.84    6.80    7.27    6.48    5.73    5.73    5.34    5.84    6.12    6.37    7.37    8.26    8.43    8.55    9.70    10.30   10.54   11.27   11.59   12.42   13.96   15.35   16.85   18.39   20.32   20.48   16.73   9.34    4.12    1.26    nan    
0.04    1.14    2.81    3.71    4.96    5.35    6.05    6.69    7.29    7.40    6.60    6.17    6.38    6.72    6.77    7.45    8.12    8.51    7.91    8.23    8.88    9.80    10.83   11.64   11.81   12.43   13.67   15.23   18.10   19.84   21.93   22.54   19.77   10.72   4.25    0.82    nan    
nan     0.92    1.88    3.03    4.47    5.54    6.20    6.82    7.18    6.93    6.71    5.99    5.72    6.30    6.09    6.57    6.81    7.11    7.07    7.65    8.12    9.37    10.07   10.26   11.20   12.67   14.73   16.96   19.36   21.72   24.57   24.28   21.06   11.92   3.82    0.78    nan    
0.46    0.91    2.07    3.32    4.44    5.25    6.38    6.97    7.19    7.06    6.61    5.60    5.49    5.38    5.79    6.27    6.98    7.73    7.72    8.13    8.51    8.94    10.05   11.53   12.32   13.81   15.96   18.25   20.95   22.01   24.66   23.87   19.14   11.07   2.70    0.93    nan    
0.32    1.29    2.67    4.00    5.48    6.53    7.03    7.24    7.50    6.86    6.27    5.66    6.33    6.14    5.98    6.31    6.97    7.40    8.20    8.56    9.17    10.12   10.20   10.82   11.91   14.30   15.75   18.23   19.60   21.28   22.55   21.95   19.32   9.67    1.85    0.98    nan    
nan     1.60    3.83    5.54    7.72    8.55    8.53    8.61    8.82    8.52    8.36    8.06    8.62    8.93    8.78    9.57    10.12   9.96    10.37   10.71   11.57   12.15   12.75   12.37   13.04   13.88   16.12   18.30   20.28   21.94   22.03   21.77   19.86   8.24    1.32    0.84    nan    
nan     1.25    3.89    6.05    7.28    8.31    8.82    8.85    8.96    8.86    8.34    8.11    8.54    8.98    9.42    10.31   10.98   11.20   11.74   12.77   13.03   13.79   13.29   12.88   13.47   14.59   16.94   19.56   21.91   22.53   24.36   22.35   19.20   7.92    1.10    0.52    nan    
nan     0.96    3.74    5.13    7.03    8.37    9.14    9.51    9.09    8.30    7.70    7.83    8.12    9.26    9.36    10.03   11.07   11.61   11.90   12.85   13.25   13.84   13.89   13.88   14.59   15.63   17.92   19.12   20.30   22.26   22.14   19.91   16.62   7.18    1.81    0.17    nan    
nan     0.89    3.18    4.75    6.75    8.49    8.96    9.39    9.42    8.90    8.45    8.72    9.12    9.42    9.06    9.84    10.65   11.33   11.24   12.67   13.36   14.31   14.60   14.18   14.41   15.73   18.51   19.98   21.51   21.86   20.40   18.74   14.61   7.19    1.73    0.16    nan    
nan     1.34    3.75    5.29    7.51    9.70    9.52    9.63    9.19    9.12    8.50    8.93    9.00    8.73    8.93    9.58    10.35   10.96   12.43   13.13   13.70   13.68   13.55   14.21   14.77   14.82   16.29   18.47   19.22   19.51   19.71   18.11   13.01   6.58    1.32    0.13    nan    
nan     2.03    6.11    8.15    10.71   12.10   11.12   10.67   9.83    9.74    9.59    9.67    9.97    10.20   10.38   10.36   10.92   11.33   12.68   13.32   13.51   13.38   12.90   12.63   13.02   13.75   14.68   17.16   17.88   18.14   19.01   16.14   11.01   5.05    1.19    0.16    nan    
nan     1.67    7.08    9.71    11.85   13.26   12.49   11.40   9.87    9.52    9.12    8.59    8.95    9.15    9.65    10.43   11.06   11.72   12.37   12.74   13.35   13.05   12.88   12.13   12.73   13.09   14.04   15.20   16.67   18.22   19.71   16.28   9.38    4.72    1.55    0.24    nan    
nan     2.21    9.01    12.24   14.84   16.17   16.23   14.83   12.99   10.52   9.61    9.56    9.17    9.58    9.84    10.46   11.58   12.71   13.56   13.30   13.23   13.72   12.66   12.32   11.33   11.55   12.29   14.15   14.98   16.76   17.02   13.24   7.65    3.82    1.38    0.22    nan    
nan     2.07    6.76    11.63   14.65   16.87   16.28   14.15   12.37   10.00   9.09    8.50    7.80    7.34    7.85    8.67    9.70    9.93    10.34   10.50   11.42   11.89   11.51   11.00   10.41   10.64   11.94   13.25   13.91   15.22   14.22   10.24   5.65    3.34    0.85    0.08    nan    
nan     1.16    4.61    9.40    13.67   17.31   18.32   15.53   12.93   11.11   9.55    8.88    8.66    8.32    8.19    9.01    9.67    10.55   10.51   11.03   11.30   11.69   11.55   10.93   10.86   11.40   11.88   12.41   13.34   13.89   14.20   11.63   6.29    3.41    0.93    0.00    nan    
nan     1.01    3.74    7.41    11.83   15.72   18.94   18.64   16.06   12.84   10.15   9.31    8.46    8.88    8.47    8.42    8.41    9.24    9.09    9.64    10.41   11.75   11.23   10.97   10.80   11.29   11.84   11.40   12.27   13.78   13.75   11.03   7.50    3.45    0.82    0.01    nan    
nan     0.57    3.00    5.85    8.44    12.66   16.71   18.59   17.64   14.71   11.10   9.51    8.64    8.12    7.62    7.78    8.08    8.55    8.36    9.06    10.55   11.83   11.27   10.53   10.55   11.09   11.76   12.63   13.64   14.54   13.36   10.39   6.58    2.90    0.79    0.01    nan    
nan     0.44    2.36    4.48    6.65    9.51    14.15   17.67   17.93   15.32   11.34   8.99    7.88    6.85    6.60    6.92    7.68    8.11    8.50    9.14    10.54   11.73   11.48   10.76   11.04   10.99   11.52   11.81   12.25   13.09   13.11   11.74   7.34    3.11    0.45    0.01    nan    
nan     0.09    1.95    4.37    6.33    8.14    12.17   15.85   17.90   16.54   13.50   10.38   9.07    7.39    7.00    6.54    7.01    7.24    8.19    9.43    10.53   11.33   11.33   10.51   11.15   11.35   11.62   11.92   11.75   12.25   12.62   10.21   7.21    2.42    0.34    0.00    nan    
nan     0.37    1.49    3.01    5.52    7.74    10.90   13.83   17.55   17.14   14.39   11.52   8.17    6.74    6.66    6.92    7.70    7.43    8.43    9.36    10.26   10.39   9.99    10.03   10.18   10.41   10.47   11.21   11.76   11.67   10.98   8.79    5.76    2.29    0.19    0.00    nan    
nan     0.38    1.31    2.07    4.48    6.74    9.30    12.72   15.58   14.65   12.98   10.03   7.82    6.78    6.44    6.44    7.19    7.77    8.36    8.40    9.48    9.85    8.85    9.08    9.21    9.84    10.09   10.87   11.40   11.55   10.79   9.47    7.13    3.20    0.34    0.09    nan    
nan     0.31    1.30    2.26    4.56    6.58    8.58    11.59   13.88   12.90   11.06   8.84    6.92    6.65    6.44    6.78    7.60    8.02    7.94    7.97    8.73    9.41    9.89    8.86    9.26    9.56    10.04   10.52   10.86   11.56   13.03   12.61   9.87    4.58    1.35    0.20    nan    
nan     0.49    1.56    2.82    4.67    6.31    7.48    9.87    11.35   11.10   9.42    7.17    5.64    5.48    5.40    5.74    6.20    6.91    6.91    6.91    7.64    8.38    8.36    7.65    8.90    10.19   10.20   10.31   12.52   13.56   15.38   14.57   11.44   5.74    2.51    0.79    nan    
#Jul slice
nan     0.44    1.35    2.39    3.73    4.03    5.12    5.27    5.28    4.63    4.48    4.20    4.08    4.22    4.58    4.55    5.19    5.35    6.15    6.95    6.76    7.51    7.50    8.08    8.28    8.90    9.37    9.94    10.14   10.69   11.35   10.06   7.98    5.66    2.96    0.17    nan    
0.39    0.61    1.05    2.57    2.95    2.95    3.28    3.31    4.01    3.91    3.29    2.75    2.69    3.52    3.68    4.06    5.66    6.37    6.17    6.20    6.96    8.03    7.94    8.62    9.21    9.66    9.96    10.08   10.61   11.40   11.50   12.92   11.81   8.32    3.19    0.16    nan    
0.34    0.47    1.35    3.13    4.02    4.68    5.81    5.31    4.85    4.13    4.04    3.12    2.99    3.05    3.44    3.78    4.68    5.60    6.40    6.80    7.96    9.05    9.16    9.31    9.70    10.94   11.19   11.36   12.50   12.75   14.57   15.19   13.49   9.73    3.90    0.46    nan    
nan     0.18    2.24    3.43    3.66    3.92    4.42    4.90    4.12    2.99    3.25    3.36    3.56    3.53    4.48    4.69    6.21    6.77    7.06    7.21    7.74    8.04    8.06    8.16    7.97    8.46    10.45   11.75   13.08   14.67   17.23   16.16   14.29   8.49    3.89    0.50    nan    
nan     0.21    2.84    3.67    4.09    4.26    4.34    4.47    3.61    2.76    2.79    2.97    2.58    2.96    3.81    3.99    5.32    6.15    5.84    5.55    6.12    5.99    5.81    6.55    6.97    7.03    8.48    10.72   12.11   14.06   16.67   15.82   12.98   8.23    2.90    0.13    nan    
nan     0.55    3.14    4.79    5.39    5.23    4.98    4.62    4.09    3.66    4.17    4.49    3.56    3.34    3.48    3.91    5.14    5.85    7.01    6.03    6.24    6.52    6.58    6.94    7.43    7.60    9.56    10.84   11.81   13.27   14.45   15.33   13.33   9.99    3.34    0.82    nan    
nan     1.32    4.64    6.41    7.61    8.37    6.55    6.04    6.53    6.44    6.60    6.26    5.83    5.41    5.65    4.79    6.09    6.65    6.64    6.81    6.94    8.34    8.40    8.95    9.24    9.23    10.39   11.55   12.87   13.74   13.76   14.15   13.62   10.69   3.34    1.03    nan    
nan     1.36    4.86    6.91    8.44    8.61    7.96    6.39    5.70    5.88    5.88    5.49    5.07    4.78    5.14    5.45    6.70    6.69    7.66    7.24    8.65    9.86    8.70    9.64    10.20   10.06   10.85   11.44   11.66   12.27   13.16   14.38   14.65   11.33   3.81    0.77    nan    
nan     1.70    3.82    6.00    7.11    7.11    6.26    5.92    5.94    6.25    6.41    6.12    5.49    5.35    5.85    6.71    8.06    8.84    9.07    9.02    9.37    9.14    8.68    8.98    10.14   10.54   12.31   12.14   12.15   13.58   14.68   16.45   15.36   10.88   3.76    0.27    nan    
nan     2.25    4.89    6.25    8.42    7.98    5.77    5.60    5.60    5.97    6.08    5.98    6.25    5.94    6.10    7.33    9.01    9.36    10.12   9.59    9.08    8.72    9.14    9.18    9.58    9.48    11.47   12.05   12.70   14.57   15.85   17.11   15.01   10.35   3.15    0.23    nan    
nan     2.63    5.73    6.95    8.11    6.37    4.87    5.08    5.34    5.43    5.50    5.72    5.79    6.14    6.15    6.91    8.57    8.83    9.35    10.01   9.44    9.98    9.62    9.90    9.96    10.91   11.17   11.37   11.95   15.86   16.42   16.79   13.91   9.47    3.03    0.78    nan    
nan     2.58    6.50    8.10    7.70    5.67    4.51    4.17    4.43    4.85    5.65    5.74    6.21    6.02    6.13    6.98    8.18    8.06    9.55    9.22    9.11    9.88    9.27    9.53    9.62    11.79   12.90   12.91   13.52   15.81   16.57   15.97   12.50   6.81    1.69    0.20    nan    
nan     3.16    7.49    8.61    8.54    7.88    6.22    5.59    5.66    4.93    5.36    5.64    6.07    5.61    6.50    7.35    8.63    8.86    9.88    10.24   9.78    9.81    10.01   10.85   10.59   11.51   12.15   12.33   12.18   12.62   13.60   13.63   10.20   5.37    1.11    0.18    nan    
nan     2.79    8.08    9.66    10.32   10.33   8.74    7.37    7.06    5.97    5.86    5.88    6.34    6.22    6.81    7.43    8.28    9.07    9.96    10.42   9.77    9.66    10.48   10.57   9.52    8.95    9.54    9.78    9.83    11.41   12.60   13.08   9.18    4.02    0.71    0.01    nan    
nan     1.60    6.13    8.40    10.13   9.93    8.43    6.64    5.92    5.43    5.61    5.77    5.46    5.33    5.97    6.72    7.62    8.92    9.53    9.55    8.83    8.81    8.52    8.43    7.10    7.24    7.46    8.44    8.81    9.76    9.72    9.79    6.13    3.40    1.26    0.02    nan    
nan     0.60    3.77    7.40    10.96   12.01   10.72   8.91    7.07    6.49    6.44    5.48    5.11    4.65    5.24    6.25    7.35    8.61    8.92    9.44    8.96    9.48    8.00    8.21    7.57    7.90    7.82    8.40    8.28    10.11   10.99   9.28    5.34    2.30    0.90    0.07    nan    
nan     0.36    2.76    4.82    9.01    11.38   12.39   11.20   8.20    6.32    4.93    4.42    3.98    3.88    4.15    4.55    6.25    6.73    7.93    8.71    9.85    9.62    8.44    7.99    8.14    8.17    7.81    8.70    9.24    9.75    9.16    8.13    5.05    2.13    0.76    0.01    nan    
nan     0.25    1.92    3.43    5.63    8.21    9.80    10.17   9.01    7.06    4.90    4.09    3.62    3.61    4.14    4.18    5.50    5.56    5.41    5.69    7.50    8.32    7.58    6.41    7.04    6.48    6.11    7.12    8.90    9.35    9.47    7.52    4.00    2.02    0.35    0.00    nan    
nan     0.16    1.29    2.31    4.09    6.32    8.67    10.56   11.03   10.86   7.37    5.20    3.58    3.07    3.29    3.69    4.69    4.94    5.07    5.51    6.88    8.12    7.45    6.80    5.92    5.69    5.49    6.12    6.61    7.13    8.05    5.65    3.91    1.27    1.08    0.00    nan    
nan     0.35    1.49    2.40    3.32    5.96    7.81    10.46   12.46   12.26   10.68   7.50    5.47    4.34    4.46    4.25    4.78    5.62    5.41    6.29    6.87    6.85    6.07    6.04    6.44    5.62    5.41    5.93    7.01    7.57    9.16    8.09    5.31    2.57    0.70    0.01    nan    
nan     0.36    1.46    2.55    3.15    4.78    6.69    8.44    10.68   9.52    8.57    6.90    5.60    4.93    5.12    5.44    5.74    6.34    6.88    7.05    6.69    6.12    5.55    5.45    6.03    5.82    5.57    6.18    7.27    7.45    10.28   9.78    7.47    3.50    1.70    0.00    nan    
nan     0.44    1.31    2.10    2.45    3.63    5.02    7.10    9.85    10.21   8.50    6.66    5.22    5.00    5.63    6.36    6.59    6.24    7.67    6.82    7.18    7.42    7.14    6.67    6.22    6.22    6.09    6.68    7.87    8.94    10.82   12.17   8.73    3.82    2.58    0.12    nan    
0.25    0.31    1.02    2.17    2.86    3.38    4.94    6.78    8.48    8.38    7.20    5.80    4.68    4.05    4.34    4.91    5.58    6.32    6.91    6.60    6.50    7.17    6.75    6.20    5.90    7.16    7.15    7.74    8.82    9.17    9.86    10.59   8.63    5.53    2.31    0.37    nan    
0.28    0.40    1.29    2.80    3.57    4.11    4.93    6.17    6.90    6.58    6.14    4.81    4.76    4.63    5.00    5.34    5.73    6.59    6.57    6.16    6.47    7.29    6.94    6.13    6.81    7.40    7.72    7.82    8.03    8.71    9.58    9.40    7.32    5.57    3.18    0.53    nan    
#Aug slice
nan     0.16    1.57    1.98    2.39    2.40    2.98    3.18    3.45    3.67    3.93    3.81    3.75    4.05    4.46    4.60    5.58    6.33    6.24    5.93    6.16    6.43    6.28    7.25    6.52    6.31    6.74    7.91    8.78    9.28    10.64   9.77    7.64    3.88    1.13    0.11    nan    
nan     0.36    1.73    1.89    2.15    1.96    2.40    2.80    3.21    3.39    3.66    3.57    4.14    4.19    4.62    5.02    5.96    6.22    6.16    6.45    6.55    7.25    7.17    7.83    8.56    8.19    7.59    8.15    9.22    11.11   13.31   12.27   10.45   5.60    2.07    0.37    nan    
nan     0.29    2.21    2.46    2.59    2.84    3.81    4.34    4.07    4.27    4.58    4.65    4.67    5.09    5.49    5.88    6.57    6.77    6.77    6.94    6.71    7.13    6.44    6.77    7.37    8.24    9.23    9.39    11.91   13.94   14.66   12.52   12.49   7.61    2.60    0.26    nan    
nan     0.58    1.88    2.06    2.14    2.55    3.84    4.31    4.67    4.78    4.41    4.39    4.82    4.65    5.13    5.88    7.55    7.40    6.96    7.18    6.64    6.75    6.02    6.33    7.11    8.30    8.76    9.26    10.33   12.16   13.07   14.13   11.69   7.45    2.57    0.30    nan    
nan     0.35    2.13    2.64    2.54    2.62    3.40    4.12    4.42    4.44    4.11    4.43    4.74    5.27    6.36    7.19    7.96    7.68    7.27    6.93    6.44    6.50    6.08    6.22    7.29    7.83    8.39    8.75    8.70    11.27   13.29   13.74   12.58   8.00    2.52    0.54    nan    
nan     0.70    2.73    3.30    3.34    3.35    4.00    4.36    4.96    4.84    4.70    4.86    5.12    5.92    6.69    6.92    8.51    8.76    8.03    6.82    6.22    5.72    6.04    6.31    6.61    7.71    8.43    9.16    10.77   12.72   13.10   13.96   12.42   8.42    2.03    0.74    nan    
nan     0.80    2.45    2.98    3.00    2.83    3.69    4.05    4.77    4.25    4.37    5.12    5.71    6.46    7.04    7.45    9.41    9.96    9.71    8.16    8.06    7.12    7.26    6.45    6.91    7.84    8.54    9.28    10.24   12.51   13.80   13.35   11.44   7.88    1.57    0.13    nan    
nan     0.88    2.90    3.41    3.63    3.31    4.56    4.74    4.66    4.80    5.06    5.68    5.96    6.75    6.59    7.39    8.75    10.60   12.02   10.54   9.04    8.61    8.18    7.66    8.14    9.57    9.26    9.19    10.73   13.88   14.79   14.61   13.60   8.40    1.82    0.56    nan    
nan     1.43    3.66    4.02    3.88    4.03    5.14    6.00    6.19    6.05    6.53    6.23    6.68    7.37    7.84    8.34    9.90    10.23   10.47   9.86    9.54    9.31    8.65    8.27    8.88    9.09    9.10    10.30   13.10   14.62   15.44   13.76   14.25   9.37    3.50    0.48    nan    
nan     1.84    4.07    4.41    4.31    4.64    5.46    6.06    6.24    6.16    6.51    7.53    8.59    9.24    9.89    9.67    11.56   11.09   11.26   10.40   10.34   9.35    8.81    9.62    9.24    10.08   10.45   11.36   14.60   14.72   15.30   15.40   13.65   8.37    2.13    0.31    nan    
nan     1.76    4.16    4.43    4.90    5.89    6.81    6.87    5.83    5.91    6.59    7.35    8.68    8.71    9.20    9.54    11.17   11.78   12.15   10.56   10.34   9.02    9.02    8.78    9.19    9.51    11.00   12.37   14.59   15.74   16.88   16.79   12.60   7.40    1.28    0.07    nan    
nan     1.42    4.84    5.70    5.79    6.56    7.62    7.51    6.87    6.92    7.40    8.50    9.49    10.53   9.77    10.40   12.34   12.20   12.61   11.48   11.17   10.05   10.25   9.96    9.88    10.13   12.31   12.53   12.52   13.50   14.78   15.01   13.10   6.55    1.10    0.01    nan    
nan     1.22    5.08    6.04    6.09    7.27    8.22    8.19    7.05    6.93    6.83    8.20    8.52    8.27    8.45    9.53    10.98   11.42   11.06   9.36    9.33    8.52    8.79    8.62    9.29    9.73    10.76   12.55   11.67   13.05   14.39   12.69   11.03   4.50    0.62    0.02    nan    
nan     1.46    4.66    5.76    5.58    6.32    7.27    8.02    7.74    6.63    6.60    6.62    6.69    7.68    7.56    7.75    9.45    11.08   10.49   9.78    9.66    10.14   9.46    9.31    8.78    8.45    9.64    10.74   11.41   12.96   13.37   11.34   7.00    2.25    0.29    0.05    nan    
nan     1.34    4.47    6.54    6.92    7.07    7.37    7.16    7.24    7.12    6.65    6.51    6.53    7.23    7.81    8.61    9.82    11.13   10.23   10.40   10.90   10.75   9.72    8.92    9.09    9.00    9.50    10.19   10.51   10.60   10.96   12.11   8.15    3.82    0.45    0.00    nan    
nan     0.81    2.89    6.36    7.07    7.26    7.67    6.93    5.82    4.85    4.71    4.33    3.90    4.87    4.96    6.25    7.55    8.59    8.56    9.58    9.62    8.87    8.02    6.97    7.33    7.79    7.85    8.55    8.79    9.75    10.91   11.04   6.63    3.04    0.44    0.01    nan    
nan     0.27    2.16    4.45    6.56    7.93    8.82    7.98    5.75    4.49    3.49    3.38    2.59    2.63    3.34    4.43    4.93    5.54    5.80    6.63    8.44    6.83    6.42    5.87    6.02    6.44    6.46    7.21    8.54    10.90   11.27   10.91   6.41    2.39    0.38    0.01    nan    
nan     0.29    1.44    2.99    5.46    7.29    8.79    9.51    8.20    6.69    5.73    4.87    4.06    3.83    4.54    5.33    5.64    6.18    6.65    7.24    7.93    7.72    7.77    7.55    6.37    6.56    7.02    7.56    7.85    8.81    9.77    10.11   5.78    2.20    0.18    0.00    nan    
0.47    0.96    1.62    2.62    4.04    5.36    6.81    8.77    9.79    9.18    7.42    6.15    4.95    5.01    5.70    6.06    7.73    6.72    8.02    7.46    7.91    8.13    7.87    6.66    6.21    6.65    7.07    7.66    8.48    8.46    8.04    7.55    6.36    1.96    0.12    0.00    nan    
nan     0.29    1.04    2.17    3.43    4.41    5.70    7.91    9.58    9.55    8.30    7.03    4.98    4.86    4.38    3.97    6.02    6.41    7.15    7.85    7.93    8.32    7.00    6.18    6.36    6.01    6.82    7.57    8.32    9.49    9.50    10.55   7.73    2.07    0.28    0.00    nan    
nan     0.43    1.15    2.02    3.07    4.80    5.72    6.37    8.16    7.46    7.57    6.22    5.56    4.95    4.82    4.48    5.85    6.85    7.78    7.85    8.44    7.82    8.28    8.59    8.81    9.27    9.41    9.57    10.14   10.10   10.45   10.98   8.30    2.14    0.08    0.33    nan    
0.41    0.18    0.77    1.21    2.40    3.69    4.72    5.17    6.41    6.85    6.23    5.41    5.52    4.73    4.29    3.95    5.92    5.58    5.15    5.44    5.92    6.16    6.46    6.90    7.48    7.47    7.88    8.55    9.50    10.01   10.14   8.49    5.61    2.08    0.28    0.06    nan    
0.73    0.37    0.95    1.40    2.04    2.66    3.86    4.73    5.69    6.14    6.15    5.62    4.63    3.93    3.82    3.42    4.40    5.29    5.42    4.44    5.86    6.16    5.47    5.64    5.97    6.17    7.00    7.90    8.94    8.10    7.37    6.30    5.16    2.43    0.48    0.16    nan    
nan     0.08    1.59    2.27    2.90    2.84    3.02    3.61    4.81    4.53    4.51    4.27    3.96    3.80    4.03    4.29    5.36    5.93    6.31    5.62    6.05    6.60    6.81    6.40    6.14    6.15    7.70    7.66    8.89    9.14    8.71    7.94    6.95    2.71    1.09    0.15    nan    
#Sep slice
nan     0.41    1.44    3.59    4.81    5.07    5.09    4.95    6.07    7.11    7.60    5.80    5.35    5.89    6.02    5.27    5.70    6.21    6.29    6.72    7.52    8.69    9.49    9.95    10.58   10.09   9.06    9.61    10.41   11.64   11.41   9.26    6.15    2.81    0.73    0.14    nan    
nan     0.38    1.69    3.30    3.98    3.82    3.10    3.13    3.75    5.06    4.72    3.98    4.25    4.34    3.49    4.11    4.89    5.36    5.53    6.48    6.43    6.48    6.94    7.61    8.51    8.80    8.50    9.38    9.69    9.15    8.44    7.82    5.82    1.87    0.57    0.09    nan    
nan     0.20    1.47    3.32    4.02    3.78    3.89    3.34    4.23    5.55    4.94    4.28    4.45    4.56    4.09    4.52    5.27    5.26    5.72    5.94    5.70    5.74    6.58    8.00    8.68    8.14    8.02    9.04    9.95    9.15    7.76    6.77    4.95    1.72    0.57    0.04    nan    
nan     0.34    2.03    3.94    4.12    3.61    4.53    4.91    5.51    6.00    5.69    4.63    4.40    4.44    4.41    4.87    5.59    5.69    6.24    5.64    5.66    5.56    6.92    8.50    9.31    9.18    8.87    11.54   13.33   8.67    6.58    7.91    4.89    1.50    0.40    0.03    nan    
nan     0.39    2.08    4.16    5.02    5.27    5.12    5.71    5.70    6.24    5.93    4.56    4.37    4.19    4.31    4.72    6.37    6.23    6.80    4.97    5.74    4.67    5.50    6.39    8.96    12.19   11.96   11.37   7.93    7.66    7.57    6.97    5.35    1.65    0.38    0.01    nan    
nan     0.16    1.94    3.87    4.45    4.15    4.34    4.81    4.29    4.73    4.69    3.85    3.28    3.44    3.98    4.65    5.28    5.69    6.11    4.40    4.59    5.09    4.84    5.71    6.80    8.84    8.70    9.27    9.58    9.34    7.97    6.58    4.16    2.09    0.35    0.02    nan    
nan     0.16    2.15    4.01    4.28    4.62    4.76    5.03    4.92    6.03    5.58    5.08    5.91    5.60    5.89    5.88    6.59    6.66    6.95    5.29    5.35    5.83    6.11    6.56    6.81    7.16    7.78    10.43   11.03   10.07   8.64    6.14    4.95    1.62    0.43    0.02    nan    
nan     0.51    2.33    4.22    4.16    4.70    5.02    5.02    5.64    7.02    6.69    5.65    6.97    8.32    7.86    7.29    7.79    8.22    7.78    7.76    6.12    5.98    7.38    8.13    7.51    7.96    7.82    9.00    10.11   10.07   8.30    7.26    6.26    1.02    0.14    0.06    nan    
nan     0.23    2.33    3.96    4.02    4.65    5.72    4.91    5.94    6.00    6.60    6.54    7.47    8.23    8.06    7.89    8.83    8.65    9.04    8.40    6.76    7.07    7.66    7.71    7.38    7.44    7.29    8.96    8.59    9.94    8.59    6.81    5.43    2.07    0.30    0.01    nan    
nan     0.66    3.65    5.12    6.10    6.83    6.85    6.22    6.87    5.50    6.54    5.83    6.17    6.89    8.10    7.21    8.65    9.42    9.97    8.36    7.33    7.11    7.22    7.25    7.84    7.47    7.40    8.51    8.30    8.61    7.65    6.79    6.48    1.44    0.24    0.03    nan    
nan     0.58    3.57    4.93    5.57    6.08    5.86    5.84    6.85    6.79    8.11    7.97    7.28    8.25    8.62    8.37    9.21    10.83   10.47   8.55    8.41    8.27    7.10    7.00    7.72    8.10    8.04    8.38    8.73    8.70    8.07    8.06    4.85    1.09    0.01    0.01    nan    
nan     0.97    3.89    5.04    6.30    6.96    6.46    5.76    7.59    7.26    7.70    8.44    8.18    8.06    7.91    9.08    8.63    10.13   10.65   8.20    7.66    7.43    6.77    7.07    7.78    8.00    9.55    10.54   10.64   10.68   9.69    8.12    5.68    0.51    0.02    0.01    nan    
nan     1.18    4.53    6.11    7.11    7.61    6.60    5.49    7.39    6.86    8.06    6.98    7.23    7.73    7.95    8.53    9.20    10.77   10.64   8.80    7.33    7.49    7.41    7.51    6.51    6.16    7.15    9.20    7.23    6.32    6.54    5.68    4.16    1.01    0.00    0.00    nan    
nan     1.11    5.47    7.21    7.62    7.85    7.77    7.03    7.05    8.80    9.78    7.79    7.19    7.59    7.81    8.45    8.37    9.86    10.19   8.65    7.44    7.79    8.46    8.62    7.56    6.56    6.53    6.86    7.66    8.18    9.75    7.58    4.77    1.32    0.00    0.00    nan    
nan     0.55    6.26    9.74    10.72   10.57   10.27   10.67   10.11   9.78    9.68    8.51    7.40    7.91    7.23    8.49    7.93    8.82    8.58    7.27    6.43    6.96    7.43    7.80    7.86    7.11    6.37    7.08    8.49    8.78    8.31    7.82    4.08    0.62    0.01    0.00    nan    
nan     0.33    4.14    8.33    10.05   10.06   9.96    10.07   9.81    8.90    9.41    8.05    6.54    7.18    6.15    6.61    8.91    9.67    6.42    6.89    7.02    6.48    7.24    7.07    7.49    7.18    6.67    6.83    9.52    11.68   11.13   8.71    3.34    0.33    0.00    0.00    nan    
nan     0.17    2.40    6.86    9.40    9.23    9.33    10.38   9.67    8.74    7.70    7.08    6.60    6.65    6.29    6.14    7.14    7.88    6.52    6.60    5.91    6.02    6.65    6.11    6.50    6.43    7.62    7.65    7.63    9.38    8.48    6.92    2.98    0.58    0.00    0.01    nan    
nan     0.33    1.94    6.49    9.06    10.88   11.05   11.28   10.75   8.59    7.47    6.75    6.07    6.22    5.76    6.10    6.96    6.48    7.07    7.37    7.04    6.82    6.58    5.97    5.87    7.04    7.97    9.01    8.07    6.55    8.53    6.56    3.71    0.28    0.00    0.00    nan    
0.46    0.76    1.68    4.97    8.14    10.43   10.06   10.57   10.38   9.66    8.02    7.15    6.13    5.72    6.28    7.44    8.26    8.49    8.28    7.45    7.04    7.22    7.12    6.05    5.78    5.96    6.80    7.16    6.58    7.73    9.96    6.74    3.49    0.53    0.00    0.00    nan    
1.10    1.40    2.38    4.26    7.45    11.13   10.31   10.60   12.27   11.85   11.07   9.46    7.36    7.23    6.79    7.68    8.65    8.78    8.24    7.85    7.29    7.51    7.43    7.12    6.71    6.30    7.92    10.17   9.94    9.59    9.04    5.86    2.48    0.38    0.00    0.01    nan    
0.23    0.51    1.59    3.11    4.86    7.69    8.82    9.18    11.26   11.54   10.87   8.21    6.31    6.09    6.12    6.71    7.76    7.54    6.63    6.95    6.85    6.80    7.73    8.55    8.59    7.67    8.93    10.19   10.16   10.39   8.40    5.70    3.13    0.40    0.00    0.00    nan    
nan     0.34    1.11    2.51    4.04    6.39    7.04    7.87    9.57    10.34   10.34   9.33    7.27    6.85    7.33    7.95    7.80    7.72    7.56    8.15    7.82    7.89    7.15    7.22    7.88    7.25    7.67    8.90    9.41    10.20   8.56    6.10    4.04    0.69    0.17    0.00    nan    
0.17    0.23    0.82    2.13    3.90    5.76    6.71    7.47    7.84    8.86    9.37    8.89    7.16    6.65    6.14    6.99    7.34    7.52    6.92    7.00    6.88    6.83    7.73    8.16    8.03    7.47    7.98    8.97    9.65    9.77    8.44    5.96    4.33    2.07    0.81    0.18    nan    
nan     0.07    0.61    1.91    3.11    3.72    4.23    4.90    5.13    5.60    7.43    7.12    6.68    5.70    5.29    5.39    5.83    6.04    6.18    6.64    7.51    8.79    9.69    10.01   9.48    9.60    10.01   10.17   10.82   10.97   10.97   9.63    7.00    3.12    0.57    0.29    nan    
#Oct slice
nan     1.43    5.65    7.82    9.35    9.07    7.94    7.88    8.58    8.21    8.14    7.81    7.20    7.42    7.69    8.44    9.44    10.01   9.37    9.26    8.09    8.35    8.99    9.74    10.62   11.66   12.99   13.98   13.46   12.29   12.27   14.13   5.51    1.20    0.44    0.02    nan    
nan     2.02    5.92    7.97    9.56    8.95    8.15    7.14    7.65    7.88    7.49    7.96    7.67    7.33    7.84    8.99    9.69    9.54    8.95    8.92    8.96    8.88    9.21    10.14   10.66   11.36   12.59   15.98   15.63   16.45   17.41   14.78   4.09    1.34    0.16    0.02    nan    
nan     1.88    6.18    7.58    10.16   9.84    8.94    8.14    8.59    8.36    8.24    8.53    8.39    8.23    8.34    9.32    9.78    10.04   9.73    10.51   9.51    10.05   10.46   11.29   11.60   11.52   17.97   19.54   18.09   18.73   18.04   10.40   3.40    1.42    0.21    0.03    nan    
nan     1.53    5.17    7.43    9.67    8.75    8.09    8.15    8.17    7.20    7.91    7.75    7.96    7.84    7.95    8.37    8.81    9.82    10.15   10.10   10.51   10.91   10.70   11.66   12.65   12.73   19.58   19.09   18.36   17.75   12.73   7.69    3.07    1.12    0.20    0.05    nan    
nan     2.03    6.40    8.96    10.44   9.48    8.96    8.97    8.89    8.37    8.87    8.36    8.26    8.31    8.15    8.31    9.55    10.88   11.59   13.52   10.23   9.60    9.80    10.84   11.86   14.98   17.02   16.62   15.82   13.26   10.18   6.86    3.17    1.10    0.10    0.01    nan    
nan     1.53    5.08    8.20    10.15   9.05    8.75    8.48    8.26    7.64    8.25    7.81    7.90    8.21    8.61    8.89    10.25   11.48   14.89   15.74   10.62   10.10   9.34    9.37    9.43    11.52   13.95   12.10   12.58   13.49   10.79   7.03    3.74    0.98    0.08    0.00    nan    
nan     1.73    6.09    9.32    11.83   10.54   10.71   10.56   9.98    9.07    8.41    8.54    8.62    8.75    9.41    10.20   11.35   12.23   12.74   11.27   10.16   9.46    8.51    9.03    9.61    10.50   11.46   10.93   10.75   11.78   9.71    6.74    2.80    1.25    0.34    0.01    nan    
nan     1.86    6.58    10.00   12.93   11.72   11.16   11.63   10.37   9.11    8.49    8.71    8.91    8.35    8.90    9.48    10.72   11.94   12.86   11.33   10.67   9.75    8.45    9.22    11.66   12.13   11.40   11.62   12.46   12.37   10.49   7.00    3.25    0.99    0.32    0.03    nan    
nan     1.61    6.37    10.22   12.44   12.37   11.26   11.10   9.22    8.51    8.05    8.09    8.59    8.54    8.77    9.39    10.74   12.53   12.91   12.72   10.76   9.36    9.19    10.19   10.85   12.10   13.50   14.42   13.83   12.80   11.07   7.25    4.03    0.80    0.27    0.01    nan    
nan     2.27    7.23    11.20   13.24   12.70   11.26   10.94   8.91    8.31    8.35    8.38    8.52    8.51    8.85    9.94    11.47   13.06   12.76   12.58   11.36   9.67    9.12    9.47    10.41   10.93   12.72   13.95   12.87   11.90   10.72   9.96    5.11    1.36    0.37    0.02    nan    
nan     1.99    7.57    11.14   13.06   12.01   9.45    9.15    7.63    7.57    7.79    7.75    7.82    8.49    8.94    9.55    10.54   12.38   12.46   12.60   11.89   10.27   10.31   10.44   11.22   12.08   13.06   13.60   13.27   13.31   10.87   7.02    3.23    0.98    0.26    0.01    nan    
nan     2.57    8.79    11.43   11.63   11.57   9.68    8.84    7.94    7.82    8.07    9.01    8.98    9.32    9.67    10.43   11.05   12.93   13.35   12.17   11.30   10.64   10.89   10.65   11.17   12.14   12.70   12.58   14.67   14.28   12.43   10.94   3.88    1.25    0.07    0.01    nan    
nan     2.64    8.31    11.55   11.59   11.39   10.56   9.61    9.24    8.81    8.40    10.08   10.18   9.97    9.73    10.26   11.80   12.21   12.64   12.04   11.49   11.36   11.72   11.52   11.07   11.48   11.47   12.16   13.55   13.84   12.04   7.03    3.14    1.00    0.00    0.00    nan    
nan     3.42    9.56    12.62   12.28   13.40   11.71   10.75   10.27   9.19    9.31    10.52   10.53   10.18   10.15   10.22   11.87   12.36   12.23   11.52   11.89   12.92   12.98   13.14   11.88   11.45   11.16   11.68   12.33   11.53   9.72    6.16    2.92    1.06    0.00    0.00    nan    
nan     3.41    10.94   13.99   14.40   14.04   12.03   11.23   10.76   9.06    9.21    9.52    10.13   10.77   10.71   10.53   11.36   11.09   11.43   11.02   11.22   11.96   12.15   11.45   10.89   10.87   10.53   11.78   13.02   12.15   10.67   6.09    2.80    0.86    0.00    0.01    nan    
nan     3.07    11.16   14.12   14.36   13.38   11.39   10.80   9.60    9.21    9.67    9.56    9.05    10.13   10.51   10.59   11.29   11.24   11.93   12.26   12.01   12.12   12.76   12.40   11.48   10.89   10.84   12.39   13.50   12.16   10.56   5.92    3.34    0.61    0.01    0.02    nan    
nan     2.51    10.80   15.09   15.70   15.53   13.17   12.77   11.14   10.19   10.02   10.10   9.92    10.64   11.46   11.78   12.01   12.24   12.27   12.04   11.84   11.48   11.90   10.69   10.20   10.09   10.86   11.29   11.87   11.01   9.49    6.24    3.48    1.03    0.00    0.00    nan    
nan     1.91    9.22    15.52   16.99   16.83   15.38   14.24   12.33   10.20   9.63    9.73    9.82    10.25   10.95   11.11   11.35   11.58   12.01   11.65   11.32   11.05   10.47   9.81    9.99    9.70    10.56   11.50   11.64   11.23   9.03    6.37    3.12    0.96    0.02    0.00    nan    
nan     1.32    7.58    13.15   16.68   17.04   15.07   14.35   12.35   11.29   10.85   9.59    9.59    10.35   10.19   9.82    10.02   10.40   10.99   10.41   9.72    9.89    9.06    8.42    7.90    8.43    10.33   11.70   12.37   12.40   9.05    6.01    2.70    0.63    0.00    0.00    nan    
nan     1.10    6.59    12.22   15.32   16.32   15.17   14.67   12.93   11.24   10.05   9.13    9.13    9.21    9.58    9.19    9.15    9.54    9.75    9.41    9.39    8.50    8.12    8.08    8.36    9.23    10.62   10.91   12.51   11.62   9.67    6.23    3.03    0.73    0.02    0.00    nan    
nan     1.22    6.03    10.27   13.95   15.51   14.85   14.10   13.26   12.00   10.47   9.30    8.35    8.33    8.53    8.55    8.65    9.10    8.96    9.39    9.04    8.28    8.21    8.11    8.60    8.93    10.22   12.15   13.32   13.99   11.14   7.64    3.20    1.21    0.17    0.00    nan    
nan     1.59    6.02    9.59    13.54   14.35   13.78   13.02   12.29   10.66   10.17   9.28    8.13    8.45    8.60    8.51    8.79    9.23    8.79    9.12    8.71    8.70    8.55    8.65    9.16    9.67    10.83   12.12   13.46   13.42   12.04   7.31    2.30    1.12    0.40    0.01    nan    
nan     1.11    5.20    8.19    11.97   12.97   12.64   9.88    9.26    8.85    9.19    8.38    7.52    7.42    7.95    8.28    8.32    8.74    8.58    8.82    7.76    8.13    8.88    9.07    9.15    9.85    11.87   14.67   15.63   16.89   12.49   7.48    2.84    1.29    0.82    0.04    nan    
nan     1.08    5.46    7.81    10.84   10.49   9.57    8.81    8.36    8.20    7.94    7.56    6.52    6.00    6.29    6.81    7.52    8.09    8.22    8.17    7.82    8.35    9.06    8.89    9.65    10.77   13.83   18.12   17.30   16.39   14.38   10.60   4.24    1.57    0.41    0.01    nan    
#Nov slice
nan     2.42    5.52    8.96    10.80   12.43   11.81   9.44    8.04    7.94    7.09    7.21    7.31    7.91    7.49    7.56    8.01    8.31    8.61    9.03    9.68    10.41   10.55   11.14   12.91   14.01   15.70   15.68   15.77   14.91   11.47   8.38    5.23    1.68    0.02    0.01    nan    
0.51    3.06    6.63    8.91    11.00   12.20   11.24   9.28    8.31    7.85    7.94    7.59    7.21    8.40    8.95    9.35    9.04    9.35    9.66    10.46   11.54   11.49   12.14   13.18   13.36   14.48   15.77   14.68   14.51   12.96   10.55   8.47    4.29    1.86    0.08    0.05    nan    
nan     2.91    7.56    10.09   11.50   11.74   10.67   8.95    7.47    7.85    8.71    8.36    8.12    8.87    9.58    9.56    9.38    9.02    9.52    10.15   9.74    9.59    9.64    11.05   13.04   13.86   15.34   14.82   13.57   11.76   8.03    7.07    4.48    1.12    0.01    0.00    nan    
nan     1.93    6.26    10.03   12.25   11.87   11.40   8.95    8.21    8.25    9.57    8.58    9.52    9.27    9.82    9.20    9.32    9.54    9.90    10.01   10.23   9.70    10.05   11.43   12.75   13.67   15.30   14.46   12.71   10.35   9.06    7.09    4.06    0.80    0.06    0.01    nan    
nan     1.73    5.28    9.79    12.14   11.55   10.25   8.16    7.45    7.55    8.58    8.15    8.31    8.29    10.49   11.61   11.57   9.97    9.32    9.24    9.87    10.39   11.50   12.11   13.48   14.55   15.80   14.18   13.24   10.66   9.88    7.89    4.21    1.67    0.24    0.00    nan    
0.10    1.47    6.87    10.26   11.57   11.50   9.57    9.06    7.82    9.39    9.94    9.36    9.66    9.34    10.14   11.01   11.12   10.44   9.92    9.55    10.02   10.31   11.19   11.66   12.26   13.62   15.20   13.13   12.17   11.64   9.84    7.37    4.53    1.65    0.30    0.01    nan    
nan     1.33    7.57    11.40   12.60   11.90   11.65   9.67    8.32    8.65    9.23    8.92    9.30    8.71    9.33    9.92    10.86   9.73    9.10    9.99    10.46   10.18   10.79   11.63   11.90   12.92   14.32   12.55   11.94   10.63   8.54    7.21    5.06    1.30    0.56    0.01    nan    
nan     2.08    7.62    13.08   14.13   13.67   12.59   9.91    9.27    9.51    10.43   9.98    10.06   9.62    8.73    9.23    9.60    8.99    8.42    8.92    10.04   9.99    10.73   11.21   11.15   12.60   12.87   12.13   11.28   10.15   8.43    6.29    3.85    1.12    0.84    0.02    nan    
0.28    1.83    6.97    12.98   15.48   14.91   13.00   11.28   8.85    8.56    9.72    8.93    8.83    9.27    7.51    7.50    7.72    7.92    8.66    9.46    10.27   10.25   10.72   10.57   11.04   13.15   13.57   12.06   11.64   11.14   9.89    5.77    3.12    0.71    0.87    0.05    nan    
nan     2.52    8.95    15.19   17.71   15.32   12.84   11.83   10.49   10.14   9.95    9.94    8.93    8.89    8.00    8.28    9.28    9.64    9.73    10.11   11.10   11.53   11.88   11.87   12.39   13.18   12.41   11.21   10.70   10.55   9.17    6.55    3.22    1.18    0.64    0.00    nan    
nan     3.03    10.43   13.73   15.65   14.88   13.29   11.79   10.53   9.89    9.73    9.31    8.74    8.94    8.56    7.94    8.25    7.97    8.23    8.66    9.99    10.85   11.64   12.44   12.59   13.64   13.73   13.62   12.54   10.70   8.30    6.64    3.64    1.16    0.32    0.02    nan    
nan     3.49    12.54   15.42   15.47   15.76   13.15   11.41   10.23   10.06   9.62    9.47    9.14    9.36    9.06    9.05    9.00    9.46    9.84    10.71   10.85   11.07   12.20   11.93   11.95   13.02   13.82   13.37   12.40   10.56   9.17    5.90    3.34    0.79    0.20    0.00    nan    
nan     3.62    12.31   15.32   16.44   15.68   13.80   12.23   11.23   10.74   10.38   9.32    9.72    9.99    10.59   9.88    9.65    10.91   11.80   12.03   12.57   12.33   11.82   11.57   12.37   12.49   12.13   10.69   9.58    8.42    7.90    6.01    3.74    0.88    0.01    0.00    nan    
nan     3.17    12.53   15.19   16.72   15.41   14.22   12.60   10.57   10.38   10.33   9.41    10.31   10.49   10.75   9.96    9.99    10.59   11.65   12.38   13.09   12.81   12.68   11.91   12.48   11.64   10.37   9.50    10.28   10.43   9.00    4.93    3.11    0.36    0.00    0.00    nan    
nan     3.85    13.51   17.25   17.48   16.51   13.87   12.51   11.48   10.71   9.53    8.69    9.30    9.29    8.63    9.09    9.86    10.42   10.95   11.68   11.23   10.91   11.54   12.57   13.41   13.14   12.19   11.93   11.80   12.34   10.45   6.42    3.24    0.83    0.18    0.00    nan    
nan     3.75    12.44   16.60   16.25   15.31   13.12   11.23   10.12   9.98    9.37    8.45    8.09    9.14    9.54    10.10   10.85   10.70   11.05   12.05   12.01   12.22   13.33   13.74   14.17   13.98   13.26   14.10   12.59   11.32   10.13   7.43    3.79    1.18    0.02    0.00    nan    
nan     3.26    11.09   16.35   17.67   14.77   12.19   11.03   10.18   9.56    8.45    8.09    7.24    8.63    8.98    9.13    9.69    10.16   10.39   11.34   11.78   12.95   13.21   13.64   14.18   13.93   13.32   14.54   14.10   12.42   9.89    7.49    3.73    0.60    0.02    0.00    nan    
nan     2.52    9.08    15.18   17.39   15.68   12.69   11.14   9.24    7.80    7.35    7.56    6.38    7.09    7.86    8.66    9.07    9.50    9.88    11.61   11.58   11.52   12.77   13.94   13.88   14.09   13.25   13.54   13.61   11.28   10.03   7.21    3.91    0.81    0.03    0.01    nan    
nan     1.86    7.65    13.28   16.15   14.97   13.48   10.99   9.88    8.07    7.14    7.65    6.36    7.12    7.44    8.01    8.22    8.48    8.96    11.32   11.45   11.92   12.45   12.69   13.73   15.02   13.31   12.27   13.17   12.24   9.11    6.44    3.85    1.17    0.02    0.00    nan    
nan     1.63    6.77    12.35   16.05   16.70   13.88   11.40   10.33   8.59    8.37    9.55    8.25    7.92    8.11    8.38    9.66    10.15   10.29   10.53   11.18   11.79   13.36   13.53   13.48   14.17   13.72   13.76   13.85   12.32   9.53    6.86    3.68    0.90    0.01    0.00    nan    
nan     1.62    6.47    10.86   15.51   16.97   15.14   11.26   10.02   9.58    8.62    8.69    8.75    7.94    8.22    8.93    9.09    9.51    9.58    10.28   11.79   11.82   12.00   12.12   12.04   13.81   14.63   15.47   15.26   13.34   10.60   6.73    3.06    1.23    0.01    0.00    nan    
nan     1.20    5.74    9.46    11.95   13.64   13.50   11.08   9.65    8.55    9.44    8.70    7.81    7.50    6.99    7.84    8.85    8.98    8.01    8.39    9.71    9.47    9.59    10.34   11.17   12.38   12.27   13.09   12.99   12.83   10.98   8.29    4.50    1.37    0.00    0.02    nan    
nan     1.22    5.57    9.33    11.74   13.30   12.73   10.65   8.93    9.53    10.04   8.64    7.68    6.98    7.00    8.34    9.07    8.72    8.27    7.85    8.20    7.67    8.74    9.50    9.91    10.32   11.05   11.65   13.17   13.26   12.92   8.74    4.06    1.28    0.03    0.00    nan    
nan     1.73    5.05    8.71    11.14   13.04   12.60   9.95    8.20    8.00    8.28    8.30    8.61    8.52    8.05    8.52    9.22    8.93    8.27    8.69    9.32    9.07    9.43    10.59   11.31   11.98   12.61   12.91   13.76   14.40   12.27   8.26    3.71    0.82    0.03    0.00    nan    
#Dec slice
nan     3.15    7.24    10.96   12.48   12.44   12.90   11.55   11.16   10.22   9.07    8.43    8.48    8.54    8.58    8.56    10.15   12.62   14.14   14.67   15.21   15.42   14.96   16.15   17.46   17.47   16.82   17.15   17.25   15.51   13.97   11.33   6.67    2.01    0.11    0.00    nan    
nan     3.26    6.85    10.54   12.40   13.71   13.55   10.33   9.59    9.97    9.61    8.95    8.43    8.83    9.71    10.06   11.63   13.07   14.21   14.57   14.50   14.52   15.34   16.57   16.50   17.01   17.75   18.02   16.22   15.52   14.59   11.35   6.79    1.45    0.19    0.01    nan    
nan     2.52    7.17    10.42   12.57   13.28   12.42   9.67    10.51   10.37   10.12   9.24    9.19    9.43    10.34   10.09   12.04   13.38   13.34   12.49   12.40   12.64   14.28   15.31   16.86   18.30   17.99   17.60   16.79   15.52   14.78   10.99   6.02    1.12    0.08    0.01    nan    
nan     2.33    7.96    10.72   12.98   12.24   11.34   9.26    9.95    10.16   10.26   10.38   10.63   10.74   10.89   11.41   12.39   13.71   13.44   13.14   13.76   14.18   15.93   16.41   16.73   16.35   16.71   17.84   17.64   16.69   13.62   11.40   6.56    1.47    0.16    0.00    nan    
nan     2.71    7.44    9.77    12.73   11.52   10.38   9.29    8.45    8.35    8.34    8.72    8.97    10.24   10.72   11.39   12.39   13.21   14.13   14.27   14.72   15.18   16.55   16.92   16.58   16.67   17.29   17.72   17.23   14.70   13.83   12.14   7.55    1.71    0.06    0.01    nan    
nan     3.18    7.49    10.25   12.46   10.98   10.24   9.54    8.98    8.16    8.05    7.93    8.40    8.88    9.89    10.92   11.85   12.09   12.74   12.97   13.54   14.29   15.76   16.78   15.93   16.07   16.64   17.60   17.26   14.91   14.62   12.17   7.08    2.64    0.21    0.01    nan    
nan     3.12    7.56    10.33   10.73   10.17   9.53    9.21    8.33    8.20    7.88    7.98    8.22    9.29    9.80    9.89    10.50   11.31   10.98   11.48   11.88   12.48   13.87   15.17   16.08   16.35   16.73   17.66   17.15   16.12   13.67   10.30   5.62    2.47    0.24    0.01    nan    
nan     2.90    8.20    11.03   11.65   11.67   11.35   10.26   8.99    8.20    7.99    8.56    9.61    9.97    9.52    10.27   11.43   11.49   12.12   11.98   11.98   12.46   14.87   15.43   16.21   17.21   17.01   16.03   15.01   14.82   12.32   9.98    4.32    2.06    0.24    0.01    nan    
nan     3.39    9.01    11.78   11.75   11.38   10.79   9.26    8.85    9.05    9.13    8.94    9.55    9.72    10.01   10.46   11.07   11.32   12.19   12.12   12.67   13.30   16.25   17.49   18.57   17.49   16.27   15.09   15.64   14.98   12.26   9.89    4.29    2.22    0.16    0.01    nan    
nan     3.91    8.81    10.54   12.03   10.96   11.04   9.66    9.74    8.75    8.94    8.70    10.19   10.68   11.07   11.60   12.06   11.87   12.37   13.01   13.64   14.57   17.10   18.02   18.72   17.51   16.63   16.94   16.77   16.56   13.03   10.81   4.94    1.68    0.08    0.02    nan    
nan     3.64    7.11    10.09   12.06   10.99   10.86   9.84    9.64    9.10    8.99    8.73    9.81    11.16   11.53   11.95   11.92   12.32   13.36   13.93   13.95   14.87   16.57   17.34   17.29   16.66   16.82   17.53   17.39   15.71   12.39   9.05    5.61    1.93    0.19    0.01    nan    
0.19    3.88    6.89    10.16   12.63   12.58   10.51   9.52    8.83    9.11    9.00    8.86    9.98    12.00   11.63   11.84   12.36   12.82   13.92   13.22   13.39   14.15   14.70   16.32   17.31   16.45   16.47   16.64   16.92   16.58   13.38   9.83    5.67    2.24    0.19    0.01    nan    
nan     3.59    7.31    9.58    12.43   12.38   10.82   9.74    9.31    9.49    9.20    9.29    9.69    11.04   11.64   12.33   12.80   12.64   13.22   13.29   13.86   14.17   14.98   15.42   15.95   16.85   17.33   17.57   17.81   15.81   12.19   9.03    5.38    1.88    0.19    0.01    nan    
nan     4.16    8.38    10.89   12.24   12.46   10.70   10.92   9.99    10.15   9.74    10.85   11.26   12.18   12.60   13.10   14.32   14.14   13.49   13.55   14.13   14.90   15.29   15.42   15.50   16.47   17.51   17.52   16.69   14.55   11.54   7.44    4.74    1.45    0.11    0.00    nan    
nan     4.09    8.75    12.02   14.39   14.10   13.29   12.82   11.95   12.42   12.53   11.64   12.11   12.66   13.09   13.37   14.73   14.92   15.05   14.86   15.81   16.75   15.98   15.32   16.12   17.03   18.07   17.69   15.20   13.63   9.40    8.07    4.66    1.21    0.00    0.00    nan    
nan     4.11    9.51    13.04   13.71   12.91   10.99   11.89   11.35   10.64   9.60    8.89    9.62    10.46   11.69   12.45   13.23   14.10   13.65   13.22   13.92   16.25   15.92   15.89   16.11   16.39   17.04   17.11   16.14   13.00   10.34   7.68    3.19    0.86    0.03    0.00    nan    
nan     4.75    9.04    14.50   15.10   14.01   12.28   10.17   9.83    10.03   9.45    8.93    9.21    10.38   11.44   11.32   12.81   13.21   12.67   13.30   14.06   15.92   15.65   15.17   15.60   16.31   16.82   17.64   15.64   12.45   11.03   7.22    3.52    0.64    0.01    0.00    nan    
nan     4.67    9.54    13.79   15.28   14.44   13.29   11.44   10.49   9.95    9.64    9.84    10.55   11.98   13.11   13.09   12.66   12.79   12.54   13.69   14.99   16.23   15.82   15.53   15.46   16.13   16.56   15.19   14.16   13.26   12.22   7.66    4.26    1.36    0.00    0.00    nan    
nan     4.78    10.27   12.97   16.04   14.03   12.36   10.84   10.44   10.00   10.15   9.72    10.46   11.72   11.97   11.97   11.78   12.59   12.43   13.07   13.95   15.88   16.08   16.35   15.89   14.86   15.18   14.27   13.88   13.66   11.50   7.53    4.40    1.14    0.01    0.00    nan    
nan     3.88    10.01   12.94   15.18   13.76   12.95   10.22   9.32    9.10    9.74    9.85    9.75    10.59   11.14   10.71   10.16   11.15   11.60   12.70   13.84   14.22   14.59   14.62   15.02   14.36   14.55   15.08   14.56   13.56   11.55   8.36    4.03    1.42    0.00    0.00    nan    
nan     3.15    8.80    12.24   16.02   16.46   13.92   11.43   10.08   9.86    10.37   10.26   10.16   10.38   10.49   10.30   10.41   11.69   11.91   12.09   11.70   12.16   12.61   13.36   14.15   15.82   15.43   13.55   12.84   12.17   10.74   7.55    4.55    1.39    0.04    0.00    nan    
nan     3.06    8.14    12.66   14.42   15.41   14.27   12.22   10.53   9.25    9.72    8.91    9.05    10.02   10.97   10.77   10.98   12.89   12.68   11.91   11.96   12.49   12.56   12.32   13.66   15.35   15.09   14.41   14.77   12.99   11.26   7.74    5.45    1.76    0.14    0.00    nan    
nan     2.97    7.07    11.54   13.72   13.35   13.39   11.99   10.37   9.67    9.42    8.94    8.69    10.00   10.55   10.52   10.45   11.72   11.63   11.93   12.48   12.83   13.74   14.33   14.12   15.04   14.27   14.22   14.39   12.50   10.51   7.22    6.50    1.80    0.23    0.00    nan    
nan     3.50    7.60    11.26   12.73   12.64   12.99   12.15   10.67   10.36   9.58    8.93    9.26    9.58    9.60    9.54    9.85    11.24   12.23   12.60   13.94   14.79   14.44   14.60   15.68   16.23   16.62   15.88   16.18   14.15   11.16   9.50    6.54    2.20    0.28    0.00    nan    
